ID,FinalHeight,Flower,FlowerDate,Capsule Count,,POP,ML,BLK,Row,ConsumedBefore,Consumption_Total,A,Consumption_Avg,,Herbivory ,Herbivory1,ID,Capitate,Single,Branched,Peltate,Length,FinalHeight,Seed Count,TRT,TAGID,Height1,Leaf1,Leaf2,HerbDamage1,PerDamage1,Height3,Leaf3,HerbDamage2,PerDamage2,Environment
,,,,,,1,1,,,,,,,,,,1,7,2,3,17,2310.856,,,1,,,,,,,,,,,0
,,,,,,1,3,,,,,,,,,,132,,,,,,,,1,,,,,,,,,,,0
,,,,,,1,3,,,,,,,,,,262,,,,,,,,1,,,,,,,,,,,0
,,,,,,1,4,,,,,,,,,,5,4,21,11,4,8878.639,,,1,,,,,,,,,,,0
,,,,,,1,4,,,,,,,,,,393,9,6,3,19,3547.094,,,1,,,,,,,,,,,0
,,,,,,2,5,,,,,,,,,,6,7,5,5,20,4093.055,,,1,,,,,,,,,,,0
,,,,,,3,7,,,,,,,,,,267,7,9,3,10,2964.07,,,1,,,,,,,,,,,0
,,,,,,3,7,,,,,,,,,,137,14,10,12,22,7557.259,,,1,,,,,,,,,,,0
,,,,,,3,9,,,,,,,,,,397,5,15,13,5,7674.195,,,1,,,,,,,,,,,0
,,,,,,3,10,,,,,,,,,,140,4,8,3,21,5491.407,,,1,,,,,,,,,,,0
,,,,,,3,11,,,,,,,,,,271,11,4,10,7,4578.037,,,1,,,,,,,,,,,0
,,,,,,3,13,,,,,,,,,,143,13,12,4,12,5775.019,,,1,,,,,,,,,,,0
,,,,,,3,14,,,,,,,,,,402,,,,,,,,1,,,,,,,,,,,0
,,,,,,3,15,,,,,,,,,,15,3,12,4,10,4907.523,,,1,,,,,,,,,,,0
,,,,,,3,16,,,,,,,,,,16,6,8,4,26,2714.267,,,1,,,,,,,,,,,0
,,,,,,3,16,,,,,,,,,,404,7,11,3,14,4523.823,,,1,,,,,,,,,,,0
,,,,,,3,16,,,,,,,,,,146,10,11,4,15,18093.957,,,1,,,,,,,,,,,0
,,,,,,3,19,,,,,,,,,,280,2,7,5,17,3854.595,,,1,,,,,,,,,,,0
,,,,,,3,19,,,,,,,,,,408,8,8,4,1,5376.691,,,1,,,,,,,,,,,0
,,,,,,3,23,,,,,,,,,,153,9,20,4,37,6704.399,,,1,,,,,,,,,,,0
,,,,,,3,24,,,,,,,,,,24,9,12,6,13,14283.092,,,1,,,,,,,,,,,0
,,,,,,3,24,,,,,,,,,,154,11,8,14,20,9509.203,,,1,,,,,,,,,,,0
,,,,,,3,26,,,,,,,,,,26,15,9,15,24,6512.461,,,1,,,,,,,,,,,0
,,,,,,3,28,,,,,,,,,,288,4,4,4,1,11721.943,,,1,,,,,,,,,,,0
,,,,,,3,28,,,,,,,,,,28,16,11,11,18,6294.624,,,1,,,,,,,,,,,0
,,,,,,3,29,,,,,,,,,,289,7,7,5,4,65226.572,,,1,,,,,,,,,,,0
,,,,,,3,29,,,,,,,,,,29,13,11,15,23,10147.362,,,1,,,,,,,,,,,0
,,,,,,3,30,,,,,,,,,,30,4,0,8,15,7282.475,,,1,,,,,,,,,,,0
,,,,,,3,30,,,,,,,,,,290,8,12,8,14,5399.279,,,1,,,,,,,,,,,0
,,,,,,3,30,,,,,,,,,,160,9,8,10,24,6388.401,,,1,,,,,,,,,,,0
,,,,,,4,33,,,,,,,,,,163,9,13,6,12,7315.564,,,1,,,,,,,,,,,0
,,,,,,4,33,,,,,,,,,,293,11,17,4,20,5902.637,,,1,,,,,,,,,,,0
,,,,,,4,33,,,,,,,,,,421,13,14,9,43,6380.012,,,1,,,,,,,,,,,0
,,,,,,4,33,,,,,,,,,,33,,,,,,,,1,,,,,,,,,,,0
,,,,,,4,34,,,,,,,,,,294,8,9,9,14,4007.022,,,1,,,,,,,,,,,0
,,,,,,4,34,,,,,,,,,,34,11,11,9,26,7988.896,,,1,,,,,,,,,,,0
,,,,,,4,34,,,,,,,,,,422,15,14,11,14,8936.473,,,1,,,,,,,,,,,0
,,,,,,4,35,,,,,,,,,,423,14,32,30,2,15841.883,,,1,,,,,,,,,,,0
,,,,,,4,36,,,,,,,,,,36,7,13,8,3,5347.264,,,1,,,,,,,,,,,0
,,,,,,4,36,,,,,,,,,,166,11,13,5,30,5113.861,,,1,,,,,,,,,,,0
,,,,,,4,36,,,,,,,,,,296,11,9,4,2,16553.114,,,1,,,,,,,,,,,0
,,,,,,4,36,,,,,,,,,,424,,,,,,,,1,,,,,,,,,,,0
,,,,,,4,37,,,,,,,,,,425,8,14,10,3,6535.895,,,1,,,,,,,,,,,0
,,,,,,4,37,,,,,,,,,,37,16,19,16,25,10936.752,,,1,,,,,,,,,,,0
,,,,,,4,37,,,,,,,,,,167,,,,,,,,1,,,,,,,,,,,0
,,,,,,4,38,,,,,,,,,,298,8,9,4,57,5464.087,,,1,,,,,,,,,,,0
,,,,,,4,38,,,,,,,,,,38,9,16,3,17,4756.509,,,1,,,,,,,,,,,0
,,,,,,4,38,,,,,,,,,,426,10,11,3,13,4666.483,,,1,,,,,,,,,,,0
,,,,,,4,38,,,,,,,,,,168,12,18,6,17,5802.65,,,1,,,,,,,,,,,0
,,,,,,5,41,,,,,,,,,,41,,,,,,,,1,,,,,,,,,,,0
,,,,,,5,42,,,,,,,,,,302,7,2,9,8,3997.486,,,1,,,,,,,,,,,0
,,,,,,5,42,,,,,,,,,,172,11,12,16,24,8625.529,,,1,,,,,,,,,,,0
,,,,,,5,43,,,,,,,,,,431,9,6,4,84,4982.387,,,1,,,,,,,,,,,0
,,,,,,5,43,,,,,,,,,,303,10,13,7,20,5417.188,,,1,,,,,,,,,,,0
,,,,,,5,44,,,,,,,,,,304,6,11,4,14,6666.492,,,1,,,,,,,,,,,0
,,,,,,5,44,,,,,,,,,,44,7,3,8,21,4529.68,,,1,,,,,,,,,,,0
,,,,,,7,45,,,,,,,,,,45,6,11,1,16,3431.651,,,1,,,,,,,,,,,0
,,,,,,6,46,,,,,,,,,,434,9,12,1,13,6080.63,,,1,,,,,,,,,,,0
,,,,,,7,51,,,,,,,,,,438,11,13,8,22,4786.938,,,1,,,,,,,,,,,0
,,,,,,7,51,,,,,,,,,,181,12,16,4,22,6053.157,,,1,,,,,,,,,,,0
,,,,,,7,53,,,,,,,,,,440,4,2,2,10,4403.282,,,1,,,,,,,,,,,0
,,,,,,7,53,,,,,,,,,,53,6,5,8,2,6003.794,,,1,,,,,,,,,,,0
,,,,,,7,53,,,,,,,,,,313,14,14,12,18,7369.822,,,1,,,,,,,,,,,0
,,,,,,7,53,,,,,,,,,,183,16,16,11,23,4655.432,,,1,,,,,,,,,,,0
,,,,,,7,54,,,,,,,,,,441,4,4,8,11,9145.934,,,1,,,,,,,,,,,0
,,,,,,7,54,,,,,,,,,,314,9,17,9,7,6099.007,,,1,,,,,,,,,,,0
,,,,,,7,56,,,,,,,,,,316,6,30,4,20,6099.007,,,1,,,,,,,,,,,0
,,,,,,8,57,,,,,,,,,,317,13,42,12,,9494.541,,,1,,,,,,,,,,,0
,,,,,,8,57,,,,,,,,,,443,,,,,,,,1,,,,,,,,,,,0
,,,,,,8,58,,,,,,,,,,58,9,10,4,11,4250.949,,,1,,,,,,,,,,,0
,,,,,,8,58,,,,,,,,,,444,,,,,,,,1,,,,,,,,,,,0
,,,,,,8,59,,,,,,,,,,189,7,6,8,10,5838.405,,,1,,,,,,,,,,,0
,,,,,,8,59,,,,,,,,,,319,,,,,,,,1,,,,,,,,,,,0
,,,,,,8,60,,,,,,,,,,320,4,10,3,23,3353.536,,,1,,,,,,,,,,,0
,,,,,,8,60,,,,,,,,,,446,12,25,21,16,10828.3,,,1,,,,,,,,,,,0
,,,,,,8,60,,,,,,,,,,60,,,,,,,,1,,,,,,,,,,,0
,,,,,,8,61,,,,,,,,,,321,,,,,,,,1,,,,,,,,,,,0
,,,,,,8,63,,,,,,,,,,192,4,4,6,12,10370.406,,,1,,,,,,,,,,,0
,,,,,,8,65,,,,,,,,,,196,6,2,9,27,12550.521,,,1,,,,,,,,,,,0
,,,,,,8,65,,,,,,,,,,452,6,17,7,29,7906.978,,,1,,,,,,,,,,,0
,,,,,,8,65,,,,,,,,,,326,8,4,5,28,4025.417,,,1,,,,,,,,,,,0
,,,,,,8,65,,,,,,,,,,66,10,19,2,20,5743.428,,,1,,,,,,,,,,,0
,,,,,,8,67,,,,,,,,,,197,6,8,2,16,3236.524,,,1,,,,,,,,,,,0
,,,,,,8,67,,,,,,,,,,67,9,3,5,16,3473.377,,,1,,,,,,,,,,,0
,,,,,,8,67,,,,,,,,,,327,,,,,,,,1,,,,,,,,,,,0
,,,,,,8,68,,,,,,,,,,454,4,19,2,18,15412.637,,,1,,,,,,,,,,,0
,,,,,,8,68,,,,,,,,,,68,8,21,9,5,11415.779,,,1,,,,,,,,,,,0
,,,,,,8,68,,,,,,,,,,198,9,13,12,33,6980.664,,,1,,,,,,,,,,,0
,,,,,,8,68,,,,,,,,,,328,15,6,10,22,7375.539,,,1,,,,,,,,,,,0
,,,,,,8,69,,,,,,,,,,329,6,2,3,17,3418.361,,,1,,,,,,,,,,,0
,,,,,,8,69,,,,,,,,,,69,8,9,5,18,4314.029,,,1,,,,,,,,,,,0
,,,,,,8,70,,,,,,,,,,70,8,12,7,23,6660.672,,,1,,,,,,,,,,,0
,,,,,,8,71,,,,,,,,,,71,6,6,6,26,4528.727,,,1,,,,,,,,,,,0
,,,,,,8,71,,,,,,,,,,201,6,15,6,14,4731.896,,,1,,,,,,,,,,,0
,,,,,,8,72,,,,,,,,,,332,7,16,2,14,5847.724,,,1,,,,,,,,,,,0
,,,,,,8,72,,,,,,,,,,72,14,27,14,16,9913.389,,,1,,,,,,,,,,,0
,,,,,,8,72,,,,,,,,,,202,16,18,9,30,9423.075,,,1,,,,,,,,,,,0
,,,,,,8,73,,,,,,,,,,73,7,11,5,9,14659.62,,,1,,,,,,,,,,,0
,,,,,,8,73,,,,,,,,,,459,10,10,7,5,7730.582,,,1,,,,,,,,,,,0
,,,,,,8,75,,,,,,,,,,75,9,24,10,11,8681.647,,,1,,,,,,,,,,,0
,,,,,,8,75,,,,,,,,,,205,10,19,10,42,7137.269,,,1,,,,,,,,,,,0
,,,,,,8,75,,,,,,,,,,335,12,13,3,71,,,,1,,,,,,,,,,,0
,,,,,,8,77,,,,,,,,,,207,5,2,4,5,20279.647,,,1,,,,,,,,,,,0
,,,,,,8,77,,,,,,,,,,337,8,6,5,30,3171.919,,,1,,,,,,,,,,,0
,,,,,,8,77,,,,,,,,,,463,12,5,11,16,9845.875,,,1,,,,,,,,,,,0
,,,,,,8,78,,,,,,,,,,338,10,12,5,12,6842.695,,,1,,,,,,,,,,,0
,,,,,,8,78,,,,,,,,,,78,11,8,21,19,6629.625,,,1,,,,,,,,,,,0
,,,,,,8,78,,,,,,,,,,208,,,,,,,,1,,,,,,,,,,,0
,,,,,,8,78,,,,,,,,,,464,,,,,,,,1,,,,,,,,,,,0
,,,,,,8,79,,,,,,,,,,209,8,5,6,59,6461.13,,,1,,,,,,,,,,,0
,,,,,,8,79,,,,,,,,,,339,9,22,5,3,6350.643,,,1,,,,,,,,,,,0
,,,,,,8,80,,,,,,,,,,80,5,9,5,36,4612.944,,,1,,,,,,,,,,,0
,,,,,,8,80,,,,,,,,,,210,6,9,2,28,3805.164,,,1,,,,,,,,,,,0
,,,,,,8,80,,,,,,,,,,340,7,9,5,14,6350.643,,,1,,,,,,,,,,,0
,,,,,,8,80,,,,,,,,,,466,8,12,5,13,4686.805,,,1,,,,,,,,,,,0
,,,,,,8,81,,,,,,,,,,81,10,5,7,11,4824.383,,,1,,,,,,,,,,,0
,,,,,,8,82,,,,,,,,,,468,7,7,6,22,2501.848,,,1,,,,,,,,,,,0
,,,,,,8,82,,,,,,,,,,212,,,,,,,,1,,,,,,,,,,,0
,,,,,,8,84,,,,,,,,,,214,5,7,5,3,3945.47,,,1,,,,,,,,,,,0
,,,,,,8,84,,,,,,,,,,84,17,27,11,1,10153.816,,,1,,,,,,,,,,,0
,,,,,,8,91,,,,,,,,,,215,5,5,2,10,3768.523,,,1,,,,,,,,,,,0
,,,,,,8,91,,,,,,,,,,85,6,15,3,26,7810.528,,,1,,,,,,,,,,,0
,,,,,,9,96,,,,,,,,,,355,8,9,10,23,7030.62,,,1,,,,,,,,,,,0
,,,,,,10,98,,,,,,,,,,98,15,14,10,17,5356.925,,,1,,,,,,,,,,,0
,,,,,,11,113,,,,,,,,,,492,2,1,3,15,5935.365,,,1,,,,,,,,,,,0
,,,,,,11,113,,,,,,,,,,110,4,5,2,32,5843.927,,,1,,,,,,,,,,,0
,,,,,,11,113,,,,,,,,,,240,6,3,3,31,8698.224,,,1,,,,,,,,,,,0
,,,,,,11,113,,,,,,,,,,368,8,5,6,29,5050.146,,,1,,,,,,,,,,,0
,,,,,,11,115,,,,,,,,,,373,5,2,5,17,6350.643,,,1,,,,,,,,,,,0
,,,,,,11,115,,,,,,,,,,115,6,5,4,37,3588.503,,,1,,,,,,,,,,,0
,,,,,,11,115,,,,,,,,,,497,6,4,10,29,5012.901,,,1,,,,,,,,,,,0
,,,,,,11,118,,,,,,,,,,247,5,2,5,12,16899.914,,,1,,,,,,,,,,,0
,,,,,,11,119,,,,,,,,,,501,8,7,9,12,5644.135,,,1,,,,,,,,,,,0
,,,,,,11,119,,,,,,,,,,377,9,9,4,23,4261.892,,,1,,,,,,,,,,,0
,,,,,,11,121,,,,,,,,,,250,6,7,7,14,6130.374,,,1,,,,,,,,,,,0
,,,,,,11,121,,,,,,,,,,502,9,6,6,19,4809.793,,,1,,,,,,,,,,,0
,,,,,,11,125,,,,,,,,,,507,6,5,2,39,7112.312,,,1,,,,,,,,,,,0
,,,,,,11,128,,,,,,,,,,386,4,6,3,15,3048.467,,,1,,,,,,,,,,,0
,,,,,,11,128,,,,,,,,,,512,6,9,2,11,3179.01,,,1,,,,,,,,,,,0
,,,,,,11,128,,,,,,,,,,510,15,15,6,16,7595.627,,,1,,,,,,,,,,,0
,,,,,,11,129,,,,,,,,,,129,7,4,5,14,10303.703,,,1,,,,,,,,,,,0
,,,,,,11,130,,,,,,,,,,130,4,1,6,14,3427.174,,,1,,,,,,,,,,,0
,,,,,,11,130,,,,,,,,,,260,5,1,2,8,1949.411,,,1,,,,,,,,,,,0
,,,,,,,,,,,,,,,,,,,,,,,,,,,,,,,,,,,,0
1,29,0,,1,,3,9,1,1,0.056666667,0.056666667,,0.056666667,,0.056666667,0.056666667,1,5,8,165,9,66863.379,29,40,0,T1_B1_9,6.8,5,5,,,5.5,6,,,1
8,106,11,4-Aug,12,,9,91,1,1,0.036,0.100333333,0.064333333,0.050166667,,0.068166667,0.100333333,8,,,,,,106,480,0,T1_B1_91,16,7,8,,,51.5,7,,,1
9,25,0,30-Aug,1,,10,100,1,1,0.01375,0.039083333,0.025333333,0.019541667,,0.026416667,0.039083333,9,,,,,,25,40,0,T1_B1_100,7.2,6,,,,13,5,,,1
11,86,16,1-Aug,15,,8,73,1,1,0.0195,0,,0.0195,,0.00975,0.0195,11,,,,,,86,600,0,T1_B1_73,18.8,7,11,,,49.5,8,,,1
16,114,29,30-Jul,25,,11,117,1,1,,0.052,0.052,0.052,,0.026,0.052,16,,,,,,114,1000,0,T1_B1_117,21.2,9,14,,,63.6,13,,,1
17,154,40,30-Jul,49,,8,71,1,1,0.025222222,0,,0.025222222,,0.012611111,0.025222222,17,,,,,,154,1960,0,T1_B1_71,22,11,14,,,72.5,13,,,1
19,121,0,,30,,11,130,1,1,0.014333333,0.014333333,,0.014333333,,0.014333333,0.014333333,19,,,,,,121,1200,0,T1_B1_130,11,11,15,,,60,20,,,1
21,91,3,12-Aug,9,,8,65,1,1,0.018666667,0.032333334,0.013666667,0.016166667,,0.025500001,0.032333334,21,,,,,,91,360,0,T1_B1_58,9,6,7,,,28,8,,,1
23,85,0,,8,,9,96,1,1,0.049555556,0.060055556,0.0105,0.030027778,,0.054805556,0.060055556,23,,,,,,85,320,0,T1_B1_96,6.5,6,5,,,25.5,8,,,1
25,73,3,12-Aug,5,,3,16,1,1,0.018333333,0.024333333,0.006,0.012166667,,0.021333333,0.024333333,25,,,,,,73,200,0,T1_B1_16,7.8,6,5,,,23.5,7,,,1
26,94,6,10-Aug,8,,8,68,1,1,0.004333333,0,,0.004333333,,0.002166667,0.004333333,26,,,,,,94,320,0,T1_B1_68,13.2,,8,,,48.5,8,,,1
27,81,5,10-Aug,10,,8,59,1,1,0.004666667,0.019333334,0.014666667,0.009666667,,0.012000001,0.019333334,27,,,,,,81,400,0,T1_B1_59,10.5,7,6,,,33.5,9,,,1
30,160,,,104,,3,15,1,1,0.0348,0.159466667,0.124666667,0.079733334,,0.097133334,0.159466667,30,,,,,,160,4160,0,T1_B1_15,27.5,14,20,,,82,32,,,1
31,89,15,6-Aug,13,,8,59,1,1,0.004666667,0,,0.004666667,,0.002333334,0.004666667,31,,,,,,89,520,0,T1_B1_23,18.6,5,8,,,47,9,,,1
32,109,13,6-Aug,28,,10,106,1,1,0.004,0.020666667,0.016666667,0.010333334,,0.012333334,0.020666667,32,,,,,,109,1120,0,T1_B1_106,15.2,6,8,,,48,9,,,1
34,121,7,6-Aug,25,,10,109,1,1,6.212,,0.023666667,3.117833334,,3.106,6.235666667,34,,,,,,121,1000,0,T1_B1_109,19.3,13,9,,,49.3,10,,,1
35,105,20,1-Aug,21,,8,82,1,1,0.110333333,0,,0.110333333,,0.055166667,0.110333333,35,,,,,,105,840,0,T1_B1_82,19.3,7,8,,,52.2,9,,,1
40,94,10,8-Aug,12,,8,80,1,1,0.056666667,0,,0.056666667,,0.028333334,0.056666667,40,,,,,,94,480,0,T2_B1_80,8.4,6,9,,,42,8,,,1
41,106,12,7-Aug,14,,3,9,1,1,0.056666667,0.105666667,0.049,0.052833334,,0.081166667,0.105666667,41,,,,,,106,560,0,T1_B1_9,17.8,10,9,,,47,10,,,1
43,148,51,30-Jul,60,,8,71,1,1,0.025222222,0,,0.025222222,,0.012611111,0.025222222,43,,,,,,148,2400,0,T2_B1_71,24.4,8,16,,,71,21,,,1
44,60,4,10-Aug,4,,3,16,1,1,0.018333333,0.018333333,,0.018333333,,0.018333333,0.018333333,44,,,,,,60,160,0,T2_B1_16,6.7,6,7,,,24.4,7,,,1
47,111,13,8-Aug,25,,8,82,1,1,0.110333333,0,0.024333333,0.067333333,,0.055166667,0.134666666,47,,,,,,111,1000,0,T2_B1_82,11.8,5,7,,,42.3,9,,,1
48,83,11,8-Aug,12,,11,117,1,1,,0.009666667,0.009666667,0.009666667,,0.004833334,0.009666667,48,,,,,,83,480,0,T2_B1_117,12.1,6,9,,,36.2,10,,,1
49,105,15,4-Aug,20,,8,70,1,1,0.001333333,0,,0.001333333,,0.000666667,0.001333333,49,,,,,,105,800,0,T2_B1_70,12.4,8,10,,,42.5,9,,,1
51,20,0,20-Aug,2,,8,72,1,1,0.086444444,0,,0.086444444,,0.043222222,0.086444444,51,,,,,,20,80,0,T2_B1_72,7.1,5,3,,,12.5,4,,,1
52,94,14,8-Aug,10,,8,78,1,1,0.0155,0,,0.0155,,0.00775,0.0155,52,,,,,,94,400,0,T2_B1_78,13.1,7,8,,,52,7,,,1
53,45,3,12-Aug,2,,11,130,1,1,0.014333333,0.014333333,,0.014333333,,0.014333333,0.014333333,53,,,,,,45,80,0,T2_B1_130,8.4,6,6,,,22,7,,,1
54,94,10,8-Aug,9,,3,15,1,1,0.0348,0.0348,,0.0348,,0.0348,0.0348,54,,,,,,94,360,0,T2_B1_15,10.3,6,8,,,37.5,8,,,1
56,74,0,,3,,7,53,1,1,0.004,0,,0.004,,0.002,0.004,56,,,,,,74,120,0,T2_B1_53,8,6,8,,,28.2,9,,,1
58,109,13,4-Aug,26,,3,19,1,1,,0,,0,,NA,0,58,,,,,,109,1040,0,T1_B1_19,12.3,8,9,,,46.7,8,,,1
60,107,15,2-Aug,28,,11,129,1,1,0.173666667,0.173666667,,0.173666667,,0.173666667,0.173666667,60,,,,,,107,1120,0,T2_B1_129,13.2,8,12,,,59,13,,,1
64,69,3,8-Aug,8,,8,68,1,1,0.004333333,0,,0.004333333,,0.002166667,0.004333333,64,,,,,,69,320,0,T2_B1_68,8,6,7,,,35,7,,,1
66,54,2,12-Aug,3,,10,100,1,1,0.01375,0.323,0.30925,0.1615,,0.168375,0.323,66,,,,,,54,120,0,T2_B1_100,9,5,7,,,27.5,,,,1
68,82,3,12-Aug,29,,10,106,1,1,0.004,,0.000333333,0.002166667,,0.002,0.004333333,68,,,,,,82,1160,0,T2_B1_106,9.7,6,7,,,35.5,8,,,1
69,91,13,6-Aug,19,,3,12,1,1,0.1485,0.1485,,0.1485,,0.1485,0.1485,69,,,,,,91,760,0,T1_B1_12,15,7,9,,,51.5,8,,,1
74,106,5,9-Aug,25,,6,45,1,1,0.041,0.11,0.069,0.055,,0.0755,0.11,74,,,,,,106,1000,0,T2_B1_45,,,9,,,40.5,9,,,1
75,95,3,12-Aug,9,,8,63,1,1,0.071833333,0,,0.071833333,,0.035916667,0.071833333,75,,,,,,95,360,0,T2_B1_63,,,8,,,36.6,9,,,1
77,40,0,19-Aug,2,,9,91,1,1,0.036,0,,0.036,,0.018,0.036,77,,,,,,40,80,0,T2_B1_91,,,5,,,20,7,,,1
81,21,0,,,,3,9,1,1,0.056666667,0.065333334,0.008666667,0.032666667,,0.061000001,0.065333334,81,5,13,70,5,31147.468,21,0,2,T1_B1_9,19.5,7,8,6,0.75,31.5,5,3,0.6,2
83,13,0,,,,8,71,1,1,0.025222222,0.058222222,0.033,0.029111111,,0.041722222,0.058222222,83,,,,,,13,0,2,T1_B1_71,14.5,8,7,4,0.571428571,22,3,2,0.666666667,2
93,11.2,0,,,,8,63,1,1,0.071833333,0.077166666,0.005333333,0.038583333,,0.0745,0.077166666,93,,,,,,11.2,0,2,T1_B1_63,11.2,6,5,3,0.6,9.5,0,,1,2
97,,,,,,11,113,1,1,5.320833333,5.3285,0.007666667,2.66425,,5.324666667,5.3285,97,,,,,,,0,2,T1_B1_113,16.7,6,7,7,1,,0,,1,2
102,62,5,8-Aug,3,,7,53,1,2,0.004,0.043666667,0.039666667,0.021833334,,0.023833334,0.043666667,102,13,11,182,7,70016.91,62,120,0,T1_B1_53,12.3,6,7,,,28,5,,,1
103,60,3,10-Aug,3,,3,9,1,2,0.056666667,0.059666667,,0.056666667,,0.058166667,0.056666667,103,9,10,173,13,74956.603,60,120,0,T1_B1_9,16.5,5,6,,,37.2,7,,,1
104,34,0,23-Aug,1,,8,70,1,2,0.001333333,0,,0.001333333,,0.000666667,0.001333333,104,,,,,,34,40,0,T1_B1_70,,,5,,,16,5,,,1
105,151,33,1-Aug,51,,8,82,1,2,0.110333333,0,0.008333333,0.059333333,,0.055166667,0.118666666,105,,,,,,151,2040,0,T1_B1_82,18.7,6,15,,,64.4,18,,,1
106,132,46,1-Aug,49,,11,113,1,2,5.320833333,5.973433333,,5.320833333,,5.647133333,5.320833333,106,10,50,65,9,36834.332,132,1960,0,T1_B1_113,19,9,12,,,56.2,16,,,1
108,67,2,15-Aug,5,,10,106,1,2,0.004,0.004,,0.004,,0.004,0.004,108,4,14,71,2,34534.812,67,200,0,T1_B1_106,7.5,5,7,,,15.5,8,,,1
111,67,4,10-Aug,5,,8,73,1,2,0.0195,0.1035,,0.0195,,0.0615,0.0195,111,12,21,57,4,36054.396,67,200,0,T1_B1_73,25,6,3,,,41.2,5,,,1
113,121,29,2-Aug,33,,3,12,1,2,0.1485,0.2205,0.072,0.11025,,0.1845,0.2205,113,,,,,,121,1320,0,T1_B1_12,17,7,9,,,59.3,11,,,1
117,81,8,9-Aug,11,,11,117,1,2,,0,,0,,0,0,117,,,,,,81,440,0,T1_B1_117,11.5,7,8,,,33.3,8,,,1
123,90,4,9-Aug,6,,8,67,1,2,0.034625,0.034625,,0.034625,,0.004566667,0.034625,123,8,24,85,6,35762.73,90,240,0,T1_B1_67,12.7,5,7,,,34,8,,,1
132,83,8,8-Aug,9,,9,91,1,2,0.036,0.036,,0.036,,0.036,0.036,132,5,25,122,14,31312.046,83,360,0,T1_B1_91,13,6,7,,,31,8,,,1
133,90,9,8-Aug,15,,8,68,1,2,0.004333333,0.004333333,,0.004333333,,0.004333333,0.004333333,133,3,39,45,8,20764.094,90,600,0,T1_B1_68,10,6,9,,,46,9,,,1
134,104,13,5-Aug,17,,11,129,1,2,0.173666667,0.173666667,,0.173666667,,0.173666667,0.173666667,134,8,19,114,3,52918.865,104,680,0,T1_B1_129,10.5,7,12,,,48.6,13,,,1
136,130,31,1-Aug,36,,8,57,1,2,0.0035,0,,0.0035,,0.00175,0.0035,136,,,,,,130,1440,0,T1_B1_57,22.9,8,13,,,58.9,12,,,1
141,119,17,5-Aug,16,,9,91,1,2,0.036,0,,0.036,,0.018,0.036,141,,,,,,119,640,0,T1_B1_91,14.5,8,10,,,52.5,12,,,1
146,129,24,3-Aug,35,,8,82,1,2,0.110333333,0,,0.110333333,,0.055166667,0.110333333,146,,,,,,129,1400,0,T2_B1_82,9.5,5,11,,,45,12,,,1
147,36,0,,1,,3,16,1,2,0.018333333,0.018333333,,0.018333333,,NA,0.018333333,147,,,,,,36,40,0,T2_B1_16,6.8,6,6,,,15.7,5,,,1
148,130,12,4-Aug,30,,8,67,1,2,0.034625,0,,0.034625,,0,0.034625,148,,,,,,130,1200,0,T2_B1_67,16,6,8,,,55.2,13,,,1
150,121,35,3-Aug,39,,8,73,1,2,0.0195,0,0.084,0.05175,,0.00975,0.1035,150,,,,,,121,1560,0,T2_B1_73,20.5,6,9,,,50.8,13,,,1
152,105,10,8-Aug,8,,11,113,1,2,5.320833333,,,5.320833333,,2.660416667,5.320833333,152,,,,,,105,320,0,T2_B1_113,19.4,6,8,,,45.5,7,,,1
154,100,16,4-Aug,11,,8,70,1,2,0.001333333,0,,0.001333333,,0.000666667,0.001333333,154,,,,,,100,440,0,T2_B1_70,17,7,7,,,49,8,,,1
155,125,29,4-Aug,30,,8,80,1,2,0.056666667,0,0.013,0.034833334,,0.028333334,0.069666667,155,,,,,,125,1200,0,T2_B1_80,14,7,10,,,46,9,,,1
157,124,3,10-Aug,16,,8,63,1,2,0.071833333,0,,0.071833333,,0,0.071833333,157,,,,,,124,640,0,T1_B1_63,18,6,7,,,48.6,8,,,1
158,91,6,8-Aug,10,,8,68,1,2,0.004333333,0,,0.004333333,,0.002166667,0.004333333,158,,,,,,91,400,0,T1_B1_68,12.3,5,6,,,38.8,7,,,1
159,118,7,8-Aug,18,,10,109,1,2,6.212,,,6.212,,3.106,6.212,159,,,,,,118,720,0,T2_B1_109,15,8,9,,,47.6,8,,,1
161,124,27,2-Aug,27,,8,76,1,2,0.0445,0.050166667,0.005666667,0.025083334,,0.047333334,0.050166667,161,,,,,,124,1080,0,T2_B1_76,14,7,10,,,59,12,,,1
162,149,61,29-Jul,86,,3,12,1,2,0.1485,0.232166667,0.083666667,0.116083334,,0.190333334,0.232166667,162,,,,,,149,3440,0,T1_B1_12,18.5,8,10,,,69,22,,,1
165,130,53,31-Jul,74,,11,121,1,2,,0.009333333,0.009333333,0.009333333,,0.004666667,0.009333333,165,,,,,,130,2960,0,T2_B1_121,15.8,7,14,,,62,25,,,1
168,144,41,1-Aug,47,,8,71,1,2,0.025222222,0,,0.025222222,,0.012611111,0.025222222,168,,,,,,144,1880,0,T1_B1_71,19.7,6,12,,,75,19,,,1
170,160,34,3-Aug,101,,3,9,1,2,0.056666667,0,,0.056666667,,0.028333334,0.056666667,170,,,,,,160,4040,0,T1_B1_9,18.8,8,13,,,72,23,,,1
171,110,5,9-Aug,10,,8,59,1,2,0.004666667,0,,0.004666667,,0.002333334,0.004666667,171,,,,,,110,400,0,T1_B1_59,7,5,8,,,40.3,9,,,1
174,139,44,1-Aug,57,,3,15,1,2,0.0348,0,,0.0348,,0.0174,0.0348,174,,,,,,139,2280,0,T2_B1_15,15,8,10,,,62.7,13,,,1
175,64,3,11-Aug,5,,9,87,1,2,0.008,0.026,0.018,0.013,,0.017,0.026,175,,,,,,64,200,0,T1_B1_87,5.9,5,6,,,31,8,,,1
176,63,5,9-Aug,5,,7,53,1,2,0.004,0.0175,0.0135,0.00875,,0.01075,0.0175,176,,,,,,63,200,0,T1_B1_53,11.6,6,6,,,38,8,,,1
177,130,15,5-Aug,34,,11,128,1,2,0.082333333,0.082333333,,0.082333333,,0.082333333,0.082333333,177,,,,,,130,1360,0,T2_B1_128,19.2,6,10,,,57.5,10,,,1
179,172,32,5-Aug,66,,8,59,1,2,0.004666667,0,,0.004666667,,0.002333334,0.004666667,179,,,,,,172,2640,0,T1_B1_59,19.8,8,11,,,72,20,,,1
180,109,37,4-Aug,24,,11,125,1,2,0.068333333,0.068333333,,0.068333333,,0.068333333,0.068333333,180,,,,,,109,960,0,T2_B1_125,12,6,11,,,58.2,17,,,1
182,60,6,7-Aug,34,,8,80,1,2,0.056666667,0.056666667,,0.056666667,,0.056666667,0.056666667,182,3,54,139,2,55862.03,60,1360,2,T1_B1_80,25.4,9,8,2,0.25,40,7,4,0.571428571,2
184,32,0,,,,8,68,1,2,0.004333333,0.004333333,,0.004333333,,0.004333333,0.004333333,184,8,13,26,0,13569.669,32,0,2,T1_B1_68,22,8,7,4,0.571428571,32,5,4,0.8,2
185,54,6,13-Aug,22,,3,15,1,2,0.0348,0.0348,,0.0348,,0.0348,0.0348,185,,,,,,54,880,2,T1_B1_15,15.1,7,9,3,0.333333333,28,7,3,0.428571429,2
186,29,0,29-Aug,1,,8,59,1,2,0.004666667,0.004666667,,0.004666667,,0.004666667,0.004666667,186,,,,,,29,40,2,T1_B1_23,12.9,7,7,3,0.428571429,19,4,3,0.75,2
187,24,0,,,,10,109,1,2,6.212,6.212,,6.212,,6.212,6.212,187,7,9,23,5,15359.016,24,0,2,T1_B1_109,17.5,8,7,4,0.571428571,29,3,3,1,2
193,82,0,17-Aug,26,,7,53,1,2,0.004,0.004,,0.004,,0.004,0.004,193,7,15,115,5,40980.588,82,1040,2,T1_B1_53,8.3,7,8,5,0.625,36.5,7,4,0.571428571,2
194,48,0,25-Aug,3,,8,59,1,2,0.004666667,0.004666667,,0.004666667,,0.004666667,0.004666667,194,3,13,128,11,43892.23,48,120,2,T1_B1_59,22.6,5,5,2,0.4,27.5,4,3,0.75,2
195,85,6,5-Aug,73,,8,70,1,2,0.001333333,0.001333333,,0.001333333,,0.001333333,0.001333333,195,,,,,,85,2920,2,T1_B1_70,19.7,7,9,3,0.333333333,37,7,1,0.142857143,2
197,14,0,30-Aug,1,,3,16,1,2,0.018333333,0.018333333,,0.018333333,,NA,0.018333333,197,,,,,,14,40,2,T1_B1_96,,,4,1,0.25,9.4,2,2,1,2
199,85,2,13-Aug,23,,8,57,1,2,0.0035,0.0035,,0.0035,,0.0035,0.0035,199,11,54,108,21,56381.841,85,920,2,T1_B1_57,24.7,9,7,3,0.428571429,35,7,4,0.571428571,2
204,74,0,18-Aug,4,,10,106,1,3,0.004,,,0.004,,0.002,0.004,204,,,,,,74,160,0,T2_B1_106,8.2,4,6,,,20.4,7,,,1
207,54,0,22-Aug,2,,3,19,1,3,,0,,,,NA,0,207,,,,,,54,80,0,T2_B1_19,,,5,,,10.3,5,,,1
211,122,6,9-Aug,21,,3,29,1,3,0.212333333,0,,0.212333333,,0.106166667,0.212333333,211,,,,,,122,840,0,T2_B1_29,17,6,9,,,50.2,10,,,1
212,125,17,4-Aug,29,,8,71,1,3,0.025222222,0,,0.025222222,,0.012611111,0.025222222,212,,,,,,125,1160,0,T2_B1_71,14.5,5,9,,,50.7,11,,,1
213,76,0,23-Aug,5,,11,113,1,3,5.320833333,5.456793333,,5.320833333,,5.388813333,5.320833333,213,13,54,44,5,31826.391,76,200,0,T2_B1_113,7.6,4,7,,,20.2,8,,,1
214,20,5,9-Aug,7,,11,128,1,3,0.082333333,0.082333333,,0.082333333,,0.082333333,0.082333333,214,,,,,,20,280,0,T2_B1_128,12.6,6,9,,,40.6,10,,,1
215,135,26,1-Aug,65,,8,80,1,3,0.056666667,0,,0.056666667,,0.028333334,0.056666667,215,,,,,,135,2600,0,T2_B1_80,17.5,6,10,,,60.1,11,,,1
216,146,10,6-Aug,58,,7,53,1,3,0.004,0,,0.004,,0,0.004,216,,,,,,146,2320,0,T2_B1_53,14.1,5,11,,,50.9,15,,,1
218,183,8,8-Aug,151,,10,109,1,3,6.212,6.235666667,,6.212,,6.223833334,6.212,218,6,127,125,19,62091.519,183,6040,0,T2_B1_109,29.2,7,15,,,70.3,29,,,1
220,148,9,8-Aug,89,,3,24,1,3,0.022333333,0,,0.022333333,,0.011166667,0.022333333,220,,,,,,148,3560,0,T2_B1_24,21.5,6,11,,,50.9,14,,,1
226,111,11,8-Aug,22,,8,57,1,3,0.0035,0,,0.0035,,0.00175,0.0035,226,,,,,,111,880,0,T2_B1_57,13,6,9,,,40.1,9,,,1
229,143,36,2-Aug,143,,8,59,1,3,0.004666667,10.02233334,10.01766667,5.011166669,,5.013500004,10.02233334,229,,,,,,143,5720,0,T2_B1_59,16.2,7,17,,,60,17,,,1
235,133,53,30-Jul,154,,11,121,1,3,,0.057333333,0.057333333,0.057333333,,0.028666667,0.057333333,235,6,49,73,24,34638.395,133,6160,0,T2_B1_121,23.5,14,22,,,70.3,42,,,1
236,169,7,3-Aug,57,,8,63,1,3,0.071833333,0,0.01,0.040916667,,0,0.081833333,236,,,,,,169,2280,0,T2_B1_63,24.5,11,19,,,60.3,21,,,1
240,151,7,10-Aug,57,,8,72,1,3,0.086444444,0.086444444,,0.086444444,,0.086444444,0.008644444,240,20,47,111,10,34876.756,151,2280,0,T2_B1_72,16.2,5,10,,,50.7,10,,,1
242,54,2,12-Aug,2,,10,106,1,3,0.004,,,0.004,,0.002,0.004,242,,,,,,54,80,0,T3_B1_106,16.3,5,6,,,30.4,6,,,1
243,33,0,27-Aug,2,,3,19,1,3,,0,,0,,NA,0,243,,,,,,33,80,0,T3_B1_19,16.5,5,5,,,20,4,,,1
248,70,4,12-Aug,5,,11,125,1,3,0.068333333,0.075333333,0.007,0.037666667,,0.071833333,0.075333333,248,,,,,,70,200,0,T3_B1_125,16.7,3,14,,,30,11,,,1
255,46,4,10-Aug,3,,11,117,1,3,,0,,0,,0,0,255,,,,,,46,120,0,T3_B1_117,19.1,6,6,,,30.2,7,,,1
258,48,3,12-Aug,16,,3,24,1,3,0.022333333,0.026,0.003666667,0.013,,0.024166667,0.026,258,,,,,,48,640,0,T2_B1_24,10,6,7,,,20.5,7,,,1
260,197,16,5-Aug,18,,8,80,1,3,0.056666667,0,,0.056666667,,0.028333334,0.056666667,260,,,,,,197,720,0,,,8,0,,,40.5,9,,,1
262,100,16,2-Aug,19,,8,57,1,3,0.0035,0,,0.0035,,0.00175,0.0035,262,,,,,,100,760,0,T2_B1_57,20.6,4,8,,,40.9,11,,,1
263,118,16,1-Aug,24,,8,78,1,3,0.0155,0,,0.0155,,0.00775,0.0155,263,,,,,,118,960,0,T3_B1_78,17.3,5,8,,,50.3,11,,,1
264,139,9,4-Aug,30,,8,63,1,3,0.071833333,0,,0.071833333,,0,0.071833333,264,,,,,,139,1200,0,T2_B1_63,25,4,8,,,60.3,13,,,1
269,87,2,11-Aug,9,,4,34,1,3,0.0615,0.062166667,0.000666667,0.031083334,,0.061833334,0.062166667,269,,,,,,87,360,0,T2_B1_34,7.8,5,9,,,20.8,7,,,1
270,149,77,30-Jul,188,,8,73,1,3,0.0195,0,,0.0195,,0.00975,0.0195,270,,,,,,149,7520,0,T3_B1_73,29.8,7,7,,,80.3,32,,,1
272,43,0,,2,,8,59,1,3,0.004666667,0.004666667,,0.004666667,,0.004666667,0.004666667,272,,,,,,43,80,0,T2_B1_23,7.8,6,5,,,10.7,6,,,1
273,102,4,8-Aug,17,,10,100,1,3,0.01375,,,0.01375,,0.006875,0.01375,273,,,,,,102,680,0,T3_B1_100,18.6,5,7,,,40,10,,,1
274,123,27,4-Aug,34,,8,65,1,3,0.018666667,0.022666667,0.004,0.011333334,,0.020666667,0.022666667,274,,,,,,123,1360,0,T2_B1_58,21.2,7,10,,,60,10,,,1
275,119,20,1-Aug,28,,9,91,1,3,0.036,0,,0.036,,0.018,0.036,275,,,,,,119,1120,0,T3_B1_91,21.2,6,12,,,40.6,18,,,1
276,120,12,3-Aug,23,,3,12,1,3,0.1485,0,,0.1485,,0.07425,0.1485,276,,,,,,120,920,0,T2_B1_12,18.5,5,6,,,40.5,10,,,1
277,161,11,4-Aug,68,,10,109,1,3,6.212,,,6.212,,3.106,6.212,277,,,,,,161,2720,0,T3_B1_109,26.7,8,14,,,60.8,20,,,1
278,86,3,11-Aug,7,,3,29,1,3,0.212333333,0,,0.212333333,,0.106166667,0.212333333,278,,,,,,86,280,0,T3_B1_29,17.7,6,6,,,30.3,8,,,1
279,149,27,1-Aug,59,,8,68,1,3,0.004333333,0,,0.004333333,,0.002166667,0.004333333,279,,,,,,149,2360,0,T3_B1_68,25.1,8,12,,,60.5,15,,,1
280,61,0,,3,,8,59,1,3,0.004666667,0,,0.004666667,,0,0.004666667,280,,,,,,61,120,0,T3_B1_59,8.7,5,5,,,20,6,,,1
282,43,0,27-Aug,6,,8,71,1,3,0.025222222,0.025222222,,0.025222222,,0.025222222,0.025222222,282,,,,,,43,240,2,T2_B1_17,23,8,7,3,0.428571429,30.2,4,4,1,2
291,34,0,19-Aug,4,,8,71,1,3,0.025222222,0.025222222,,0.025222222,,0.025222222,0.025222222,291,,,,,,34,160,2,T2_B1_71,19.9,9,6,3,0.5,20.5,4,3,0.75,2
293,19,0,,,,8,68,1,3,0.004333333,0.004333333,,0.004333333,,0.004333333,0.004333333,293,1,24,14,4,5509.724,19,0,2,T2_B1_68,19,9,7,3,0.428571429,20.7,4,3,0.75,2
298,19,0,,,,3,29,1,3,0.212333333,0.212333333,,0.212333333,,0.212333333,0.212333333,298,13,43,55,7,34776.116,19,0,2,T2_B1_29,19.9,8,7,3,0.428571429,10.9,4,4,1,2
301,140,5,10-Aug,46,,10,109,2,4,6.212,6.435666667,,6.212,,6.323833334,6.212,301,18,64,93,11,30004.628,140,1840,0,T2_B1_109,19.6,6,9,,,50.5,11,,,1
302,107,18,6-Aug,34,,11,130,2,4,0.014333333,0.014333333,,0.014333333,,0.014333333,0.014333333,302,,,,,,107,1360,0,T2_B1_130,10,7,9,,,40.2,14,,,1
305,121,31,4-Aug,42,,8,59,2,4,0.004666667,0,,0.004666667,,0,0.004666667,305,,,,,,121,1680,0,T2_B1_23,16.8,5,7,,,50.3,10,,,1
306,78,0,,7,,8,67,2,4,0.034625,0,,0.034625,,0,0.034625,306,,,,,,78,280,0,T2_B1_67,15.8,5,6,,,20.4,7,,,1
307,100,1,15-Aug,13,,8,63,2,4,0.071833333,0,,0.071833333,,0,0.071833333,307,,,,,,100,520,0,T2_B1_63,12.9,5,6,,,30,9,,,1
308,76,0,,,,10,109,2,4,6.212,6.313,,6.212,,6.2625,6.212,308,13,57,52,11,30425.806,76,206,0,T2_B1_109,14.2,5,,,,20.3,6,,,1
309,156,7,8-Aug,44,,8,63,2,4,0.071833333,0,,0.071833333,,0,0.071833333,309,,,,,,156,1760,0,T2_B1_63,21.6,6,9,,,60,15,,,1
310,121,9,8-Aug,,,10,106,2,4,0.004,,,0.004,,0.002,0.004,310,,,,,,121,1266,0,T2_B1_106,21.4,5,9,,,50.2,11,,,1
314,129,10,8-Aug,,,3,15,2,4,0.0348,0,,0.0348,,NA,0.0348,314,,,,,,129,1476,0,T2_B1_15,16,6,10,,,50.2,10,,,1
315,,,,68,,3,16,2,4,,0,,0,,NA,0,315,,,,,,,2720,0,,,,,,,,,,,1
316,134,6,9-Aug,,,10,106,2,4,0.004,,,0.004,,0.002,0.004,316,,,,,,134,1669,0,T2_B1_106,12,7,9,,,40.6,8,,,1
317,107,8,8-Aug,,,3,16,2,4,0.018333333,0,0.004,0.011166667,,0.009166667,0.022333333,317,,,,,,107,816,0,T2_B1_16,10.3,5,7,,,30.4,5,,,1
318,62,3,10-Aug,,,8,73,2,4,0.0195,0.0195,,0.0195,,0.0195,0.0195,318,11,42,47,8,22444.079,62,194,0,T2_B1_73,11.8,5,6,,,20,10,,,1
319,60,13,2-Aug,,,8,72,2,4,0.086444444,0,,0.086444444,,0.043222222,0.086444444,319,,,,,,60,1470,0,T2_B1_72,13.9,6,10,,,60.3,10,,,1
321,101,12,7-Aug,23,,3,16,2,4,0.018333333,0,,0.018333333,,NA,0.018333333,321,,,,,,101,920,0,T3_B1_16,14.5,5,6,,,40.4,9,,,1
324,76,12,8-Aug,,,11,113,2,4,5.320833333,5.653284333,,5.320833333,,5.487058833,5.320833333,324,9,63,60,9,31826.391,76,375,0,T3_B1_113,20.4,5,8,,,50,8,,,1
325,112,3,12-Aug,,,11,128,2,4,0.082333333,0.082333333,,0.082333333,,0.082333333,0.082333333,325,,,,,,112,773,0,T3_B1_128,14.6,6,9,,,50.3,9,,,1
326,82,6,8-Aug,,,8,76,2,4,0.0445,0.0445,,0.0445,,0.0445,0.0445,326,13,51,61,8,31376.558,82,370,0,T3_B1_76,15.5,5,8,,,40.1,9,,,1
331,113,11,8-Aug,,,8,70,2,4,0.001333333,0,,0.001333333,,0.000666667,0.001333333,331,,,,,,113,1246,0,T3_B1_70,13.6,5,7,,,40.7,9,,,1
332,73,0,17-Aug,,,8,57,2,4,0.0035,0.0035,,0.0035,,0.047,0.0035,332,19,30,71,6,38588.886,73,185,0,T3_B1_57,12.5,5,5,,,30.4,7,,,1
334,106,18,3-Aug,,,8,57,2,4,0.0035,0,,0.0035,,NA,0.0035,334,,,,,,106,762,0,T3_B1_57,15.4,5,10,,,50.3,9,,,1
336,153,11,8-Aug,,,8,63,2,4,0.071833333,0.071833333,,0.071833333,,0.071833333,0.071833333,336,6,83,51,10,21679.767,153,1131,0,T3_B1_63,20.3,7,9,,,70,19,,,1
339,87,4,10-Aug,,,3,24,2,4,0.022333333,0,,0.022333333,,0.022333333,0.022333333,339,6,41,143,8,58697.879,87,366,0,,,,6,,,30.9,8,,,1
340,105,13,4-Aug,,,10,100,2,4,0.01375,,,0.01375,,0.006875,0.01375,340,,,,,,105,1010,0,T3_B1_100,15,8,9,,,50.3,10,,,1
342,138,8,8-Aug,86,,11,128,2,4,0.082333333,0.082333333,,0.082333333,,0.082333333,0.082333333,342,,,,,,138,3440,0,T3_B1_128,15.3,7,11,,,60.2,12,,,1
346,72,7,8-Aug,65,,3,15,2,4,0.0348,0,,0.0348,,NA,0.0348,346,,,,,,72,2600,0,T3_B1_15,11.8,5,7,,,30,7,,,1
347,93,1,15-Aug,27,,3,29,2,4,0.212333333,0,0.000666667,0.1065,,0.106166667,0.213,347,,,,,,93,1080,0,T3_B1_29,6.3,4,6,,,30.3,6,,,1
349,90,4,12-Aug,29,,8,67,2,4,0.034625,0,,0.034625,,0,0.034625,349,,,,,,90,1160,0,T3_B1_67,12.7,6,8,,,30.7,8,,,1
351,108,8,10-Aug,68,,3,15,2,4,0.0348,0,,0.0348,,NA,0.0348,351,,,,,,108,2720,0,T3_B1_15,9.7,6,7,,,50.2,9,,,1
357,111,4,11-Aug,53,,10,100,2,4,0.01375,,0.0045,0.009125,,0.006875,0.01825,357,,,,,,111,2120,0,T3_B1_100,19.6,5,8,,,40.2,10,,,1
360,149,33,1-Aug,154,,8,57,2,4,0.0035,0,,0.0035,,NA,0.0035,360,,,,,,149,6160,0,T3_B1_57,17.3,7,9,,,80,14,,,1
361,170,59,1-Aug,134,,8,82,2,4,0.110333333,0,,0.110333333,,0.055166667,0.110333333,361,,,,,,170,5360,0,T3_B2_82,23.9,7,13,,,70.8,23,,,1
362,140,29,3-Aug,111,,3,12,2,4,0.1485,0,,0.1485,,0.07425,0.1485,362,,,,,,140,4440,0,T3_B2_12,18.5,7,9,,,60.4,11,,,1
364,63,0,20-Aug,4,,7,53,2,4,0.004,0,,0.004,,0,0.004,364,,,,,,63,160,0,T3_B2_53,9.1,5,6,,,20.8,6,,,1
366,135,27,1-Aug,143,,8,80,2,4,0.056666667,0,,0.056666667,,0.028333334,0.056666667,366,,,,,,135,5720,0,T3_B2_80,13,5,9,,,60.3,12,,,1
367,126,27,1-Aug,125,,8,59,2,4,0.004666667,0,,0.004666667,,0,0.004666667,367,,,,,,126,5000,0,T3_B2_59,11.8,7,10,,,60.3,10,,,1
368,117,18,4-Aug,108,,8,80,2,4,0.056666667,0,,0.056666667,,0.028333334,0.056666667,368,,,,,,117,4320,0,T3_B2_80,12.5,7,11,,,60,11,,,1
369,85,6,9-Aug,62,,8,76,2,4,0.0445,0.063833333,0.019333333,0.031916667,,0.054166667,0.063833333,369,,,,,,85,2480,0,T3_B2_76,13.2,5,7,,,40,7,,,1
370,128,9,8-Aug,76,,8,57,2,4,0.0035,0,,0.0035,,NA,0.0035,370,,,,,,128,3040,0,T3_B2_57,12,6,8,,,50.7,11,,,1
371,128,25,1-Aug,107,,3,15,2,4,0.0348,0,,0.0348,,NA,0.0348,371,,,,,,128,4280,0,T3_B2_15,15.4,6,9,,,60.33,12,,,1
372,118,11,8-Aug,80,,10,106,2,4,0.004,,,0.004,,0.002,0.004,372,,,,,,118,3200,0,T3_B2_106,12.5,7,9,,,50.2,10,,,1
374,99,5,8-Aug,70,,8,59,2,4,0.004666667,0,,0.004666667,,0,0.004666667,374,,,,,,99,2800,0,T3_B2_59,9,5,7,,,40.2,9,,,1
375,167,8,7-Aug,92,,10,109,2,4,6.212,13.42366667,,6.212,,9.817833335,6.212,375,,,,,,167,3680,0,T3_B2_109,20,8,10,,,70.5,19,,,1
376,159,23,2-Aug,124,,3,9,2,4,0.056666667,0,,0.056666667,,0.028333334,0.056666667,376,,,,,,159,4960,0,T3_B2_9,18.1,8,11,,,80,24,,,1
377,160,16,6-Aug,97,,8,67,2,4,0.034625,0,,0.034625,,0,0.034625,377,,,,,,160,3880,0,T3_B2_67,18.5,,14,,,70.5,19,,,1
378,130,30,1-Aug,182,,8,57,2,4,0.0035,0,,0.0035,,NA,0.0035,378,,,,,,130,7280,0,T3_B2_57,15,,11,,,60.9,8,,,1
379,131,37,2-Aug,165,,11,121,2,4,0.07,0.094,0.024,0.047,,0.082,0.094,379,,,,,,131,6600,0,T3_B2_121,15,,10,,,60.7,18,,,1
380,175,12,8-Aug,90,,8,67,2,4,0.034625,0,,0.034625,,0,0.034625,380,,,,,,175,3600,0,T3_B2_67,19.5,,11,,,70.8,16,,,1
383,16,0,,0,,11,113,2,4,5.320833333,5.320833333,,5.320833333,,5.320833333,5.320833333,383,,,,,,16,0,2,T3_B2_113,10.5,,5,4,0.8,10.4,3,2,0.666666667,2
387,66,2,13-Aug,15,,8,71,2,4,0.025222222,0.025222222,,0.025222222,,0.025222222,0.025222222,387,,,,,,66,600,2,T3_B2_71,,,8,4,0.5,30.7,6,3,0.5,2
389,,,,,,11,113,2,4,5.320833333,16.07083333,,5.320833333,,10.69583333,0,389,,,,,,,0,2,,,,6,5,0.833333333,,0,,1,2
390,17,0,,0,,3,19,2,4,,0,10.75,10.75,,NA,16.07083333,390,,,,,,17,0,2,T3_B2_19,9,,7,3,0.428571429,10.5,3,3,1,2
393,69,0,20-Aug,6,,8,57,2,4,0.0035,0.0035,,0.0035,,0.0035,0,393,13,28,44,5,30767.247,69,240,2,T3_B2_57,27,,10,5,0.5,50.5,5,3,0.6,2
396,93,2,13-Aug,21,,8,78,2,4,0.0155,0.0165,,0.0155,,0.016,0.0035,396,10,5,33,4,16747.398,93,840,2,T3_B2_78,17,,10,5,0.5,30.9,9,4,0.444444444,2
399,8,0,,0,,9,91,2,4,0.036,0.036,0.001,0.0185,,0.036,0.0165,399,,,,,,8,0,2,,,,6,4,0.666666667,,0,,1,2
400,,,,,,11,121,2,5,0.07,0.07,,0.07,,0.07,0.036,400,,,,,,,0,2,T3_B2_121,8,,6,2,0.333333333,10,4,4,1,2
401,,,,,,8,68,2,5,0.004333333,0.004333333,,0.004333333,,0.004333333,0.07,401,3,27,12,5,4872.142,,0,2,,,,5,3,0.6,,0,,1,2
404,71,0,23-Aug,5,,8,63,2,5,0.071833333,0.071833333,,0.071833333,,0.089999999,0.004333333,404,7,294,40,18,36108.117,71,200,2,T1_B2_63,29,,7,4,0.571428571,39.2,5,4,0.8,2
405,33,0,27-Aug,3,,11,125,2,5,0.014333333,0.014333333,,0.014333333,,0.014333333,0.071833333,405,,,,,,33,120,2,T1_B2_130,13.5,,6,3,0.5,15.3,4,3,0.75,2
406,46,0,23-Aug,4,,10,100,2,5,0.01375,0.01375,,0.01375,,0.01375,0.014333333,406,9,90,39,5,20211.187,46,160,2,T1_B2_100,20,,6,3,0.5,28,4,2,0.5,2
409,72,0,23-Aug,6,,3,19,2,5,,0,,,,NA,0.01375,409,,,,,,72,240,2,T1_B2_19,20,,7,2,0.285714286,31,7,4,0.571428571,2
410,78,0,22-Aug,6,,8,68,2,5,0.004333333,0.004333333,,0.004333333,,0.004333333,0,410,,,,,,78,240,2,T1_B2_68,19.5,,6,2,0.333333333,29,4,1,0.25,2
412,58,0,23-Aug,4,,8,82,2,5,0.110333333,0.110333333,,0.110333333,,0.110333333,0.004333333,412,,,,,,58,160,2,T1_B2_82,18,,6,2,0.333333333,30.3,4,3,0.75,2
413,35,0,27-Aug,3,,11,128,2,5,0.082333333,0.082333333,,0.082333333,,0.082333333,0.110333333,413,,,,,,35,120,2,T1_B2_128,19,,5,3,0.6,30.7,3,2,0.666666667,2
414,30,0,26-Aug,4,,11,113,2,5,5.320833333,5.320833333,,5.320833333,,5.320833333,0.082333333,414,,,,,,30,160,2,T1_B2_113,16,,6,3,0.5,21,4,3,0.75,2
415,37,0,25-Aug,4,,11,113,2,5,5.320833333,5.320833333,,5.320833333,,5.320833333,5.320833333,415,,,,,,37,160,2,T1_B2_113,15,,7,4,0.571428571,22,4,3,0.75,2
416,27,0,,2,,11,125,2,5,0.014333333,0.019666666,0.00533333,0.009833332,,0.017,5.320833333,416,18,26,65,8,43955.43,27,80,2,T1_B2_130,18,,7,4,0.571428571,25,4,3,0.75,2
417,64,0,22-Aug,6,,8,65,2,5,0.018666667,0.035666667,0.017,0.017833334,,0.027166667,0.019666666,417,,,,,,64,240,2,T1_B2_65,20.5,,9,4,0.444444444,26,7,4,0.571428571,2
418,42,0,29-Aug,4,,8,82,2,5,0.110333333,0.110333333,,0.110333333,,0.110333333,0.035666667,418,,,,,,42,160,2,T1_B2_82,12,,6,2,0.333333333,22.5,4,3,0.75,2
419,41,0,27-Aug,5,,3,9,2,5,0.056666667,0.056666667,,0.056666667,,0.066666667,0.110333333,419,1,62,46,8,21685.96,41,200,2,T1_B2_9,19,,6,2,0.333333333,26.5,4,3,0.75,2
420,60,0,24-Aug,6,,8,67,2,5,0.034625,0.034625,,0.034625,,0.034625,0.056666667,420,5,48,36,13,12990.315,60,240,2,T1_B2_67,16.5,,6,3,0.5,29,3,3,1,2
421,22,0,28-Aug,1,,3,19,2,5,,0,,0,,NA,0.034625,421,,,,,,22,40,2,T1_B2_19,10.5,,6,4,0.666666667,15,4,3,0.75,2
422,33,0,28-Aug,2,,11,125,2,5,0.014333333,0.014333333,,0.014333333,,0.014333333,0,422,,,,,,33,80,2,T1_B2_130,13,,6,3,0.5,21,4,2,0.5,2
423,57,0,,4,,8,71,2,5,0.025222222,0.025222222,,0.025222222,,0.025222222,0.014333333,423,,,,,,57,160,2,T1_B2_71,24,,7,3,0.428571429,38,7,5,0.714285714,2
426,62,4,12-Aug,7,,8,71,2,5,0.025222222,0.025222222,,0.025222222,,0.025222222,0.025222222,426,,,,,,62,280,2,T1_B2_71,,,8,3,0.375,29,5,2,0.4,2
427,,,,,,8,81,2,5,0.03325,0.04325,0.01,0.021625,,0.03825,0.025222222,427,7,8,33,10,39653.216,,0,2,T1_B2_81,,,7,4,0.571428571,20,4,3,0.75,2
429,30,0,27-Aug,3,,8,73,2,5,0.0195,0.0195,,0.0195,,0.0195,0.04325,429,,,,,,30,120,2,T1_B2_73,,,5,2,0.4,19,2,1,0.5,2
430,18,0,,0,,3,9,2,5,0.056666667,0.056666667,,0.056666667,,0.08,0.0195,430,7,13,16,3,13329.505,18,0,2,T1_B2_9,,,7,3,0.428571429,19,3,2,0.666666667,2
431,,,,0,,11,117,2,5,,0,,0,,0,0.056666667,431,2,1,32,2,33422.658,,0,2,T1_B2_117,,,7,3,0.428571429,29,4,2,0.5,2
432,40,0,20-Aug,3,,8,57,2,5,0.0035,0.0125,0.009,0.00625,,0.008,0,432,,,,,,40,120,2,T1_B2_57,,,7,4,0.571428571,25,5,4,0.8,2
434,62,0,18-Aug,5,,8,59,2,5,0.004666667,0.004666667,,0.004666667,,0,0.0125,434,,,,,,62,200,2,T1_B2_59,,,8,3,0.375,40.3,5,2,0.4,2
436,49,0,21-Aug,3,,8,72,2,5,0.086444444,2.390444444,2.304,1.195222222,,1.238444444,0.004666667,436,,,,,,49,120,2,T1_B2_72,,,6,3,0.5,15,4,3,0.75,2
437,80,0,17-Aug,6,,8,80,2,5,0.056666667,0.056666667,,0.056666667,,0.056666667,2.390444444,437,,,,,,80,240,2,T1_B2_80,,,8,3,0.375,40,6,3,0.5,2
438,29,0,,0,,11,121,2,5,0.07,0.07,,0.07,,0.07,0.056666667,438,3,8,12,2,6215.917,29,0,2,T1_B2_121,,,8,3,0.375,30.5,6,2,0.333333333,2
439,,,,0,,9,96,2,5,0.049555556,0.049555556,,0.049555556,,0.049555556,0.07,439,,,,,,,0,2,T1_B2_96,,,4,2,0.5,59.5,12,0,0,2
440,22,0,,0,,3,9,2,5,0.056666667,0.056666667,,0.056666667,,0.072,0.049555556,440,14,69,79,2,53421.688,22,0,2,T1_B2_9,,,6,2,0.333333333,28,5,4,0.8,2
443,134,22,5-Aug,,,9,91,2,5,0.036,0,,0.036,,0.018,0.056666667,443,,,,,,134,2203,0,T3_B2_91,,,,,,48,10,,,1
445,86,2,10-Aug,,,8,68,2,5,0.004333333,0,,0.004333333,,0.002166667,0.036,445,,,,,,86,384,0,T3_B2_68,,,,,,25,8,,,1
446,133,8,8-Aug,,,9,96,2,5,,0,,,,0,0.004333333,446,,,,,,133,1439,0,,,,,,,,,,,1
448,43,0,26-Aug,,,8,78,2,5,0.0155,0,,0.0155,,0.00775,0,448,,,,,,43,65,0,T3_B2_78,,,,,,21.4,6,,,1
449,139,31,5-Aug,,,11,113,2,5,5.320833333,,,5.320833333,,2.660416667,0.0155,449,,,,,,139,1630,0,T3_B2_113,,,,,,61,11,,,1
450,157,43,1-Aug,,,8,70,2,5,0.001333333,0,,0.001333333,,0.000666667,5.320833333,450,,,,,,157,3668,0,T3_B2_70,,,,,,41.6,9,,,1
452,172,52,1-Aug,,,8,68,2,5,0.004333333,0,,0.004333333,,0.002166667,0.001333333,452,,,,,,172,6821,0,T3_B2_68,,,,,,67.7,23,,,1
453,141,22,5-Aug,,,10,100,2,5,0.01375,,,0.01375,,0.006875,0.004333333,453,,,,,,141,1522,0,T3_B2_100,,,,,,51,12,,,1
455,131,10,8-Aug,,,9,87,2,5,0.008,0.008,,0.008,,0.008,0.01375,455,,,,,,131,1181,0,T3_B2_87,,,,,,53,10,,,1
456,151,69,1-Aug,,,8,70,2,5,0.001333333,0,,0.001333333,,0.000666667,0.008,456,,,,,,151,4169,0,T3_B2_70,,,,,,67.7,24,,,1
458,77,12,9-Aug,,,11,129,2,5,0.173666667,0.173666667,,0.173666667,,0.173666667,0.001333333,458,,,,,,77,401,0,T3_B2_129,,,,,,36,8,,,1
460,101,23,3-Aug,,,8,73,2,5,0.0195,0,,0.0195,,0.00975,0.173666667,460,,,,,,101,1004,0,T3_B2_73,,,,,,41,10,,,1
462,76,,24-Aug,,,8,81,2,5,,0,,,,0,0.0195,462,,,,,,76,208,0,,,,,,,,,,,1
463,130,27,4-Aug,,,11,121,2,5,0.07,0.07,,0.07,,0.07,0,463,,,,,,130,4840,0,T3_B2_121,,,,,,54,13,,,1
464,167,27,4-Aug,,,9,91,2,5,0.036,0,,0.036,,0.018,0.07,464,,,,,,167,5266,0,T3_B2_91,,,,,,62.5,19,,,1
465,116,4,11-Aug,,,7,53,2,5,0.004,0,,0.004,,NA,0.036,465,,,,,,116,670,0,T3_B2_53,,,,,,40,8,,,1
466,179,16,8-Aug,,,8,82,2,5,0.110333333,0,,0.110333333,,0.055166667,0.004,466,,,,,,179,3365,0,T3_B2_82,,,,,,60,12,,,1
468,146,37,3-Aug,,,11,117,2,5,,0,,,,0,0.110333333,468,,,,,,146,1688,0,T3_B2_117,,,,,,71.3,19,,,1
469,169,43,2-Aug,,,8,80,2,5,0.056666667,0,,0.056666667,,0.028333334,0,469,,,,,,169,5784,0,T3_B2_80,,,,,,71.5,13,,,1
473,175,10,11-Aug,,,10,109,2,5,6.212,,,6.212,,3.106,0.056666667,473,,,,,,175,2845,0,T3_B2_109,,,,,,70.4,17,,,1
474,123,22,8-Aug,,,11,117,2,5,,0,,,,0,6.212,474,,,,,,123,1840,0,T3_B2_117,,,,,,45.5,14,,,1
475,101,,23-Aug,,,10,106,2,5,0.004,,,0.004,,0.002,0,475,,,,,,101,320,0,T3_B2_106,,,,,,35,8,,,1
476,143,3,11-Aug,,,8,63,2,5,0.071833333,0,,0.071833333,,0,0.004,476,,,,,,143,1380,0,T3_B2_63,,,,,,45.3,10,,,1
477,95,13,8-Aug,,,11,121,2,5,0.07,0.07,,0.07,,0.07,0.071833333,477,,,,,,95,839,0,T3_B2_121,,,,,,36.6,10,,,1
479,100,9,9-Aug,,,8,70,2,5,0.001333333,0,,0.001333333,,0.000666667,0.07,479,,,,,,100,690,0,T3_B2_70,,,,,,32,8,,,1
480,179,16,5-Aug,,,3,24,2,5,0.022333333,0,,0.022333333,,NA,0.001333333,480,,,,,,179,4830,0,T3_B2_24,,,,,,63.5,20,,,1
481,169,9,9-Aug,,,7,53,2,5,0.004,0,,0.004,,NA,0.022333333,481,,,,,,169,90,0,T3_B2_53,,,,,,78,12,,,1
482,149,18,5-Aug,,,11,125,2,5,0.068333333,0.080583333,0.01225,0.040291667,,0.074458333,0.004,482,,,,,,149,92,0,T3_B2_125,,,,,,77,20,,,1
483,154,47,2-Aug,,,8,57,2,5,0.0035,0,,0.0035,,0.00175,0.080583333,483,,,,,,154,128,0,T3_B2_57,,,,,,70.5,10,,,1
485,145,33,2-Aug,,,8,78,2,5,0.0155,0.0155,,0.0155,,0.0155,0.0035,485,5,20,36,2,20599.428,145,118,0,T3_B2_78,,,,,,71.4,9,,,1
488,,,,,,11,125,2,5,0.068333333,0.068333333,,0.068333333,,0.068333333,0.0155,488,,,,,,,,0,T3_B2_125,,,,,,59,10,,,1
489,140,12,8-Aug,,,8,82,2,5,0.110333333,0.134666666,,0.110333333,,0.1225,0.068333333,489,11,47,40,8,26179.091,140,82,0,T3_B2_82,,,,,,62.5,11,,,1
490,109,19,4-Aug,,,11,113,2,5,5.320833333,5.320833333,,5.320833333,,5.320833333,0.110333333,490,4,110,39,9,22551.238,109,83,0,T3_B2_113,,,,,,69,7,,,1
491,53,8,8-Aug,,,11,130,2,5,,0,,,,0,5.320833333,491,,,,,,53,45,0,,,,,,,,,,,1
492,131,12,8-Aug,,,11,113,2,5,5.320833333,5.580953333,,5.320833333,,5.450893333,0,492,8,43,56,8,26162.536,131,77,0,T3_B2_113,,,,,,57,11,,,1
494,,35,3-Aug,,,7,53,2,5,0.004,0.004,,0.004,,0.004,5.320833333,494,8,15,89,0,40304.796,173,138,0,T3_B2_53,,,,,,37.5,8,,,1
495,91,3,3-Aug,,,8,59,2,5,0.004666667,0,,0.004666667,,0,0.004,495,,,,,,91,89,0,T3_B2_59,,,,,,51,9,,,1
496,117,15,7-Aug,,,3,29,2,5,0.212333333,0,,0.212333333,,0.106166667,0.004666667,496,,,,,,117,96,0,T3_B2_29,,,,,,75,19,,,1
497,168,19,3-Aug,,,8,76,2,5,0.0445,0,,0.0445,,0.02225,0.212333333,497,,,,,,168,167,0,T3_B2_76,,,,,,72,17,,,1
498,167,44,1-Aug,,,3,15,2,5,0.0348,0,,0.0348,,NA,0.0445,498,,,,,,167,182,0,T3_B2_15,,,,,,65.2,13,,,1
499,153,36,2-Aug,,,3,19,2,5,,0,,,,0.038333333,0.0348,499,6,33,78,10,43671.41,153,170,0,,,,,,,,,,,1
506,42,0,27-Aug,,,8,68,2,6,0.004333333,0.004333333,,0.004333333,,0.004333333,0,506,,,,,,42,6,2,T1_B2_68,,,7,3,0.428571429,25,3,1,0.333333333,2
507,30,0,28-Aug,,,8,81,2,6,0.03325,0.03325,,0.03325,,0.03325,0.004333333,507,,,,,,30,4,2,T1_B2_81,,,5,3,0.6,25.2,2,1,0.5,2
509,7,,,,,7,53,2,6,0.004,0.004,,0.004,,0.004,0.03325,509,,,,,,7,0,2,T1_B2_53,,,,,,9.5,0,,1,2
510,15,0,,,,8,67,2,6,0.034625,0.034625,,0.034625,,0.034625,0.004,510,,,,,,15,0,2,T1_B2_67,,,5,3,0.6,11,0,,1,2
511,6,0,,,,8,63,2,6,0.071833333,0.071833333,,0.071833333,,0,0.034625,511,,,,,,6,0,2,T1_B2_63,,,4,4,1,7,0,,1,2
512,39,0,,,,3,12,2,6,0.1485,0.1485,,0.1485,,0.1485,0.071833333,512,,,,,,39,0,2,T1_B2_12,,,4,2,0.5,10,4,2,0.5,2
513,8,0,,,,3,9,2,6,0.056666667,0.056666667,,0.056666667,,NA,0.1485,513,,,,,,8,0,2,T1_B2_9,,,4,2,0.5,6.5,0,,1,2
515,10,0,,,,10,106,2,6,0.004,0.004,,0.004,,0.004,0.056666667,515,,,,,,10,0,2,T1_B2_106,,,,,,8,1,,1,2
516,12,0,,,,10,106,2,6,0.004,0.004,,0.004,,0.004,0.004,516,,,,,,12,0,2,T1_B2_106,,,,,,7.5,0,,1,2
518,8,0,,,,9,87,2,6,0.008,0.011,0.003,0.0055,,0.0095,0.004,518,,,,,,8,0,2,T1_B2_87,,,6,3,0.5,19,0,,1,2
519,25,0,29-Aug,,,8,67,2,6,0.034625,0.035625,0.001,0.0178125,,0.035125,0.011,519,,,,,,25,1,2,T1_B2_67,,,5,4,0.8,14,3,3,1,2
527,38,0,27-Aug,,,3,12,2,6,0.1485,0.1495,0.001,0.07475,,0.149,0.035625,527,,,,,,38,2,2,T1_B2_12,,,7,4,0.571428571,21.2,2,1,0.5,2
528,19,0,29-Aug,,,8,76,2,6,0.0445,0.0525,0.008,0.02625,,0.0485,0.1495,528,,,,,,19,1,2,T1_B2_76,,,6,3,0.5,14,3,2,0.666666667,2
534,15,0,,,,8,80,2,6,0.056666667,0.058666667,0.002,0.029333334,,0.057666667,0.0525,534,0,82,28,8,23005.958,15,0,2,T1_B2_80,,,6,4,0.666666667,11,4,4,1,2
535,35,0,,4,,8,68,2,6,0.004333333,0.424833333,0.4205,0.212416667,,0.214583333,0.058666667,535,,,,,,35,160,2,T1_B2_68,,,8,6,0.75,19,4,4,1,2
542,119,21,4-Aug,,,8,57,2,6,0.0035,0.731,0.7275,0.3655,,0.36725,0.424833333,542,,,,,,119,0,0,T3_B2_57,,,8,,,47.6,9,,,1
544,54,0,29-Aug,3,,8,67,2,6,0.034625,0.034625,,0.034625,,0.034625,0.731,544,,,,,,54,120,0,T3_B2_67,,,6,,,24,6,,,1
545,58,2,11-Aug,10,,3,9,2,6,0.056666667,0,,0.056666667,,NA,0.034625,545,,,,,,58,400,0,T3_B2_9,,,7,,,30.2,7,,,1
546,133,22,5-Aug,103,,8,80,2,6,0.056666667,0,0.0025,0.029583334,,0.028333334,0.056666667,546,,,,,,133,4120,0,T3_B2_80,,,10,,,64.6,10,,,1
547,151,30,3-Aug,135,,8,65,2,6,0.018666667,0.018666667,,0.018666667,,0.018666667,0.059166667,547,,,,,,151,5400,0,T3_B2_65,,,11,,,63.4,12,,,1
548,86,7,8-Aug,75,,8,65,2,6,0.018666667,0.090166667,0.0715,0.045083334,,0.054416667,0.018666667,548,,,,,,86,3000,0,T3_B2_65,,,7,,,42,8,,,1
549,108,8,8-Aug,80,,10,100,2,6,0.01375,,,0.01375,,0.006875,0.090166667,549,,,,,,108,3200,0,T3_B2_100,,,9,,,48.9,9,,,1
550,48,2,14-Aug,3,,8,76,2,6,0.0445,0,,0.0445,,0.02225,0.01375,550,,,,,,48,120,0,T3_B2_76,,,6,,,26.4,6,,,1
553,132,18,5-Aug,90,,9,91,2,6,0.036,0,0.005,0.0205,,0.018,0.0445,553,,,,,,132,3600,0,T3_B2_91,,,10,,,64,14,,,1
554,121,25,3-Aug,97,,8,80,2,6,0.056666667,0,0,0.056666667,,0.028333334,0.041,554,,,,,,121,3880,0,T3_B2_80,,,9,,,51.1,11,,,1
556,158,45,1-Aug,179,,8,76,2,6,0.0445,0.0475,0.003,0.02375,,0.046,0.056666667,556,,,,,,158,7160,0,T3_B2_76,,,17,,,71.4,27,,,1
557,95,3,12-Aug,80,,9,96,2,6,0.049555556,0.050055556,0.0005,0.049555556,,0.049805556,0.0475,557,,,,,,95,3200,0,T3_B2_96,,,8,,,41.2,8,,,1
560,159,60,1-Aug,184,,3,12,2,6,0.1485,0,0,0.07425,,0.07425,0.050055556,560,,,,,,159,7360,0,T3_B2_12,,,12,,,65.8,20,,,1
561,173,13,7-Aug,135,,8,63,2,6,0.071833333,0,0.236,0.153916667,,0,0.1485,561,,,,,,173,5400,0,T1_B2_63,,,10,,,64.2,19,,,1
562,121,5,5-Aug,101,,8,82,2,6,0.110333333,0,0,0.055166667,,0.055166667,0.307833333,562,,,,,,121,4040,0,T1_B2_82,,,9,,,40.4,9,,,1
563,68,1,15-Aug,22,,8,82,2,6,0.110333333,0,,0.055166667,,0.055166667,0.110333333,563,,,,,,68,880,0,T1_B2_82,,,7,,,29.3,7,,,1
564,144,4,11-Aug,90,,8,63,2,6,0.071833333,0,,0.035916667,,0,0.110333333,564,,,,,,144,3600,0,T1_B2_63,,,9,,,45.5,11,,,1
569,104,3,12-Aug,82,,10,109,2,6,6.212,,0.101,3.1565,,3.106,0.071833333,569,,,,,,104,3280,0,T1_B2_109,,,9,,,42.2,9,,,1
570,120,0,,0,,8,59,2,6,0.004666667,0.047166667,0.0425,0.023583334,,0.025916667,6.313,570,,,,,,120,0,0,T1_B2_59,,,9,,,46,9,,,1
571,178,39,1-Aug,159,,8,72,2,6,0.086444444,0,0.007,0.046722222,,0.043222222,0.047166667,571,,,,,,178,6360,0,T1_B2_72,,,11,,,62.2,25,,,1
572,121,26,3-Aug,124,,11,130,2,6,0.014333333,0.484666666,0.470333333,0.242333333,,0.2495,0.093444444,572,,,,,,121,4960,0,T1_B2_130,,,11,,,42,18,,,1
573,105,3,11-Aug,88,,3,19,2,6,,0.038333333,0.038333333,0.019166667,,0,0.484666666,573,,,,,,105,3520,0,T1_B2_19,,,9,,,40,8,,,1
574,159,17,8-Aug,133,,11,128,2,6,0.082333333,0.082333333,,0.082333333,,0.082333333,0.038333333,574,,,,,,159,5320,0,T1_B2_128,,,13,,,53.2,35,,,1
576,108,20,9-Aug,98,,11,117,2,6,,0,,0,,0,0.082333333,576,,,,,,108,3920,0,T1_B2_117,,,9,,,39,14,,,1
577,157,9,8-Aug,50,,10,109,2,6,6.212,,,6.212,,3.106,0,577,,,,,,157,2000,0,T1_B2_109,,,9,,,48,13,,,1
578,129,31,1-Aug,143,,8,80,2,6,0.056666667,0,,0.056666667,,0.028333334,6.212,578,,,,,,129,5720,0,T1_B2_80,,,9,,,52.5,9,,,1
579,98,4,13-Aug,78,,3,12,2,6,,0,,0,,0,0.056666667,579,,,,,,98,3120,0,,,,9,,,,,,,1
580,174,48,2-Aug,187,,8,67,2,6,0.034625,0.148625,0.114,0.0743125,,0.091625,0,580,,,,,,174,7480,0,T1_B2_67,,,16,,,72.5,33,,,1
581,79,0,17-Aug,82,,3,24,2,6,0.022333333,0,,0.022333333,,0.011166667,0.148625,581,7,21,107,7,37822.241,79,3280,0,T1_B2_24,,,7,,,36,7,,,1
583,115,8,8-Aug,96,,8,68,2,6,0.004333333,0.025333333,0.021,0.012666667,,0.014833333,0.022333333,583,18,39,42,6,24893.477,115,3840,0,T1_B2_68,,,9,,,49,11,,,1
584,85,6,10-Aug,87,,10,106,2,6,0.004,0.149,0.145,0.0745,,0.0765,0.025333333,584,,,,,,85,3480,0,T1_B2_106,,,8,,,30,8,,,1
585,48,1,14-Aug,30,,8,70,2,6,0.001333333,0.001333333,,0.001333333,,0.001333333,0.149,585,7,16,89,11,34050.643,48,1200,0,T1_B2_70,,,4,,,29,4,,,1
586,20,9,8-Aug,12,,9,91,2,6,0.036,0.411333333,0.375333333,0.205666667,,0.223666667,0.001333333,586,,,,,,20,480,0,T1_B2_91,,,8,,,38,11,,,1
589,58,0,,0,,9,96,2,6,0.049555556,,,0.049555556,,0.024777778,0.411333333,589,,,,,,58,0,0,T1_B2_96,,,7,,,17,7,,,1
590,113,19,9-Aug,91,,3,12,2,6,0.1485,0.178833333,0.030333333,0.089416667,,0.163666667,0.049555556,590,,,,,,113,3640,0,T1_B2_12,,,9,,,42,10,,,1
591,153,13,7-Aug,119,,8,72,2,6,0.086444444,0,0.015333333,0.050888889,,0.043222222,0.178833333,591,,,,,,153,4760,0,T1_B2_72,,,8,,,59,13,,,1
592,132,31,1-Aug,156,,8,71,2,6,0.025222222,0,0,0.012611111,,0.012611111,0.101777777,592,,,,,,132,6240,0,T1_B2_71,,,9,,,54,12,,,1
593,168,17,5-Aug,137,,8,78,2,6,0.0155,0.176166667,0.160666667,0.088083334,,0.095833334,0.025222222,593,,,,,,168,5480,0,T1_B2_78,,,11,,,71,18,,,1
595,58,5,10-Aug,43,,8,65,2,6,0.018666667,0.02,,0.018666667,,0.019333334,0.176166667,595,6,17,50,11,15069.156,58,1720,0,T1_B2_65,,,8,,,30.2,8,,,1
597,130,13,10-Aug,110,,3,9,2,6,0.056666667,0,0.003,0.029833334,,NA,0.018666667,597,,,,,,130,4400,0,T1_B2_9,,,8,,,41,11,,,1
598,118,15,9-Aug,90,,6,45,2,6,0.041,0.043,0.002,0.0215,,0.042,0.059666667,598,,,,,,118,3600,0,T1_B2_45,,,8,,,40,9,,,1
599,70,11,8-Aug,67,,11,129,2,6,0.173666667,0.173666667,,0.086833334,,0.173666667,0.043,599,,,,,,70,2680,0,T1_B2_129,,,7,,,41.5,10,,,1
602,,,,,,8,71,2,7,0.025222222,0,,0.012611111,,0.012611111,0.173666667,602,,,,,,,0,0,T3_B2_71,,,5,,,19.5,5,,,1
604,139,19,6-Aug,141,,3,15,2,7,0.0348,0.0388,0.004,0.0194,,0.0368,0.025222222,604,19,59,101,17,49465.126,139,5640,0,T3_B2_15,,,9,,,60.5,11,,,1
607,157,25,6-Aug,162,,8,71,2,7,0.025222222,0,,0.012611111,,0.012611111,0.0388,607,,,,,,157,6480,0,T3_B2_71,,,9,,,84.3,13,,,1
609,149,3,13-Aug,119,,8,82,2,7,0.110333333,0,,0.055166667,,0.055166667,0.025222222,609,,,,,,149,4760,0,T3_B2_82,,,7,,,51.2,11,,,1
611,180,50,1-Aug,220,,8,68,2,7,0.004333333,0,0.0065,0.005416667,,0.002166667,0.110333333,611,,,,,,180,8800,0,T3_B2_68,,,13,,,87.5,37,,,1
612,160,58,30-Jul,196,,11,113,2,7,5.320833333,,0.002,2.661416667,,2.660416667,0.010833333,612,,,,,,160,7840,0,T3_B2_113,,,12,,,83,24,,,1
613,157,48,1-Aug,178,,8,80,2,7,0.056666667,0,0.003,0.029833334,,0.028333334,5.322833333,613,,,,,,157,7120,0,T3_B2_80,,,11,,,75.9,17,,,1
614,125,21,4-Aug,121,,11,125,2,7,0.068333333,0.068333333,,0.068333333,,0.068333333,0.059666667,614,2,36,42,4,14998.471,125,4840,0,T3_B2_125,,,9,,,55.4,9,,,1
615,149,19,6-Aug,130,,8,65,2,7,0.018666667,0.022,0.003333333,0.011,,0.020333334,0.068333333,615,,,,,,149,5200,0,T3_B2_65,,,9,,,57.3,11,,,1
616,172,10,8-Aug,167,,3,19,2,7,,0.004,0.004,0.004,,0.04,0.022,616,4,185,33,21,34016.009,172,6680,0,T3_B2_19,,,10,,,72.4,12,,,1
617,179,20,11-Aug,172,,3,24,2,7,0.022333333,0.096761904,0.074428571,0.048380952,,0.059547619,0.004,617,3,68,58,17,30510.255,179,6880,0,T3_B2_24,,,12,,,92.3,37,,,1
619,158,4,13-Aug,103,,11,128,2,7,0.082333333,0.089666666,0.007333333,0.044833333,,0.086,0.096761904,619,6,119,48,12,21529.996,158,4120,0,T3_B2_128,,,9,,,55.7,10,,,1
620,156,22,4-Aug,137,,8,80,2,7,0.056666667,0.069666667,0.013666667,0.035166667,,0.063166667,0.089666666,620,,,,,,156,5480,0,T3_B2_80,,,9,,,58.2,13,,,1
621,151,23,4-Aug,138,,8,81,2,7,0.03325,0.03325,,0.03325,,0.03325,0.070333334,621,,,,,,151,5520,0,T3_B2_81,,,9,,,66.2,11,,,1
624,121,4,11-Aug,130,,3,9,2,7,0.056666667,0,,0.056666667,,0.028333334,0.03325,624,,,,,,121,5200,0,T3_B2_9,,,6,,,35.6,8,,,1
626,51,0,27-Aug,5,,3,15,2,7,0.0348,0,,0.0348,,0.0174,0.056666667,626,42,28,30,9,20081.036,51,200,0,T3_B2_15,,,5,,,25.4,6,,,1
627,29,0,,0,,8,73,2,7,0.0195,0.0195,,0.0195,,0.0195,0.0348,627,13,27,53,1,25943.704,29,0,0,T3_B2_73,,,4,,,9,5,,,1
629,93,6,8-Aug,78,,11,121,2,7,0.07,0.07,,0.07,,0.07,0.0195,629,,,,,,93,3120,0,T3_B2_121,,,8,,,35,10,,,1
632,60,3,12-Aug,56,,10,109,2,7,6.212,6.475,0.003,3.1075,,6.3435,0.07,632,14,72,62,33,29254.607,60,2240,0,T3_B2_109,,,8,,,45,12,,,1
635,154,10,8-Aug,124,,7,53,2,7,0.004,0.072666667,0.068666667,0.036333334,,0.038333334,6.215,635,,,,,,154,4960,0,T3_B2_53,,,9,,,62.5,10,,,1
636,170,55,1-Aug,178,,8,70,2,7,0.001333333,0,3.695,1.848166667,,0.000666667,0.072666667,636,,,,,,170,7120,0,T3_B2_70,,,11,,,78,26,,,1
642,54,0,22-Aug,6,,8,81,2,7,0.03325,0.03325,,0.03325,,0.03325,3.696333333,642,,,,,,54,240,2,T1_B2_81,,,7,4,0.571428571,27.3,2,1,0.5,2
644,,,,,,8,76,2,7,0.0445,0.0445,,0.0445,,0.0445,0.03325,644,,,,,,,0,2,T1_B2_76,,,,,1,15.2,3,3,1,2
646,66,0,21-Aug,16,,8,82,2,7,0.110333333,1.835833333,1.7255,0.917916667,,0.973083333,0.0445,646,,,,,,66,640,2,T1_B2_82,,,9,5,0.555555556,43.2,5,5,1,2
648,25,0,,0,,8,59,2,7,0.004666667,0.004666667,,0.002333334,,0,1.835833333,648,,,,,,25,0,2,T1_B2_59,,,6,6,1,17.3,0,,1,2
649,61,0,22-Aug,13,,3,12,2,7,0.1485,0.235,0.0865,0.1175,,0.19175,0.004666667,649,,,,,,61,520,2,T1_B2_12,,,7,4,0.571428571,18.2,4,3,0.75,2
652,17,0,,1,,11,125,2,7,0.014333333,0.014333333,,0.007166667,,0.014333333,0.235,652,,,,,,17,40,2,T1_B2_130,,,8,5,0.625,17,2,1,0.5,2
653,18,0,,0,,11,121,2,7,0.07,0.07,,0.07,,0.07,0.014333333,653,7,31,52,13,24652.746,18,0,2,T1_B2_121,,,8,4,0.5,23,4,4,1,2
654,42,0,23-Aug,10,,3,15,2,7,0.0348,0.0348,,0.0348,,0.0348,0.07,654,8,25,54,5,20200.808,42,400,2,T1_B2_15,,,7,5,0.714285714,29.2,5,3,0.6,2
656,33,0,,3,,9,87,2,7,0.008,0.008,,0.008,,0.008,0.0348,656,,,,,,33,120,2,T1_B2_87,,,8,4,0.5,24.3,5,5,1,2
659,15,0,,0,,3,29,2,7,0.212333333,0.229333333,0.017,0.114666667,,0.220833333,0.008,659,,,,,,15,0,2,T1_B2_29,,,7,4,0.571428571,18,4,3,0.75,2
661,,,,,,8,71,2,7,0.025222222,0.025222222,,0.025222222,,0.025222222,0.229333333,661,,,,,,,0,2,T1_B2_71,,,4,4,1,22,0,,1,2
663,,,,,,7,53,2,7,0.004,0.004,,0.004,,0.004,0.025222222,663,,,,,,,0,2,T1_B2_53,,,5,5,1,,0,,1,2
665,33,0,29-Aug,5,,11,117,2,7,,0,,0,,0,0.004,665,6,46,23,6,20046.781,33,200,2,T1_B2_117,,,7,4,0.571428571,33.2,0,,1,2
667,77,0,21-Aug,14,,8,68,2,7,0.004333333,15.36633333,15.362,7.683166667,,7.685333332,0,667,3,10,35,8,10501.806,77,560,2,T1_B2_68,,,7,4,0.571428571,40,3,2,0.666666667,2
669,,,,,,8,78,2,7,0.0155,0.0155,,0.0155,,0.0155,15.36633333,669,,,,,,,0,2,T1_B2_78,,,5,4,0.8,23.3,3,2,0.666666667,2
671,20,0,,,,8,73,2,7,,0,,0,,0,0.0155,671,,,,,,20,0,2,,,,,,,,,,,2
672,73,0,21-Aug,32,,8,57,2,7,0.0035,0.0035,,0.0035,,0.0035,0,672,,,,,,73,1280,2,T1_B2_57,,,8,4,0.5,47.2,5,2,0.4,2
673,35,0,,,,3,9,2,7,0.056666667,0.056666667,,0.056666667,,0.096,0.0035,673,12,55,39,9,39573.906,35,0,2,T1_B2_9,,,7,6,0.857142857,37.5,4,3,0.75,2
674,,,,,,8,72,2,7,0.086444444,0.086444444,,0.086444444,,0.086444444,0.056666667,674,,,,,,,0,2,T1_B2_72,,,5,4,0.8,,,,1,2
675,22,0,,,,8,65,2,7,0.018666667,0.018666667,,0.018666667,,0.018666667,0.086444444,675,13,16,48,1,34814.057,22,0,2,T1_B2_65,,,8,3,0.375,,4,3,0.75,2
676,53,0,22-Aug,8,,11,113,2,7,,0,,0,,0,0.018666667,676,,,,,,53,320,2,,,,,,,,,,,2
677,,,,,,10,100,2,7,0.01375,0.01375,,0.01375,,0.01375,0,677,,,,,,,0,2,T1_B2_100,,,3,2,0.666666667,,,,1,2
678,25,0,,2,,8,80,2,7,0.056666667,0.056666667,,0.056666667,,0.056666667,0.01375,678,16,2,73,14,41073.354,25,80,2,T1_B2_80,,,6,3,0.5,20.2,4,3,0.75,2
679,37,0,,4,,4,34,2,7,0.0615,0.0615,,0.0615,,0.0615,0.056666667,679,,,,,,37,160,2,T1_B2_34,,,6,3,0.5,30,4,2,0.5,2
680,120,7,8-Aug,37,,8,67,2,7,0.034625,0.034625,,0.034625,,0.034625,0.0615,680,,,,,,120,1480,0,T1_B2_67,,,8,,,50.2,10,,,1
681,110,3,11-Aug,33,,8,63,2,7,0.071833333,0.083,,0.071833333,,0.077416667,0.034625,681,16,27,57,6,22844.113,110,1320,0,T3_B2_63,,,7,,,52,8,,,1
682,114,6,9-Aug,21,,3,24,2,7,0.022333333,0,,0.022333333,,0.074428571,0.071833333,682,9,23,44,5,22379.954,114,840,0,T3_B2_24,,,6,,,49.5,10,,,1
683,129,13,5-Aug,54,,3,19,2,7,,0,,0,,0.019166667,0.022333333,683,11,51,49,8,24948.855,129,2160,0,T3_B2_19,,,9,,,60,10,,,1
684,112,5,10-Aug,24,,8,82,2,7,0.110333333,0.125795,,0.110333333,,0.118064167,0,684,16,61,52,16,30775.052,112,960,0,T3_B2_82,,,8,,,53,10,,,1
686,151,19,5-Aug,85,,3,29,2,7,0.212333333,0,,0.212333333,,0.106166667,0.110333333,686,,,,,,151,3400,0,T3_B2_29,,,10,,,78.5,18,,,1
689,53,0,,4,,3,16,2,7,0.018333333,0,,0.018333333,,NA,0.212333333,689,,,,,,53,160,0,T3_B2_16,,,5,,,23,5,,,1
690,97,22,3-Aug,69,,8,65,2,7,0.018666667,0.106333334,0.087666667,0.053166667,,0.062500001,0.018333333,690,10,59,66,6,30939.538,97,2760,0,T3_B2_65,,,10,,,53.2,11,,,1
691,85,4,11-Aug,9,,9,91,2,7,0.036,0.041,,0.036,,0.0385,0.106333334,691,17,25,104,4,47315.097,85,360,0,T3_B2_91,,,7,,,40.8,8,,,1
693,90,14,6-Aug,14,,11,121,2,7,0.07,0.07,,0.07,,0.07,0.036,693,3,80,68,12,30766.691,90,560,0,T3_B2_121,,,9,,,57.9,13,,,1
697,27,5,10-Aug,14,,3,15,2,7,0.0348,0,,0.0348,,0.0174,0.07,697,33,9,58,4,26186.003,27,560,0,T3_B2_15,,,6,,,45,8,,,1
699,61,5,10-Aug,11,,8,70,2,7,0.001333333,0,,0.001333333,,0.000666667,0.0348,699,,,,,,61,440,0,T3_B2_70,,,7,,,35.2,6,,,1
700,105,15,7-Aug,17,,8,81,2,8,0.03325,0.04925,0.016,0.024625,,0.04125,0.001333333,700,3,53,55,10,30325.293,105,680,0,T3_B2_81,,,8,,,59,9,,,1
702,117,5,9-Aug,88,,8,68,2,8,0.004333333,0,,0.004333333,,0.002166667,0.04925,702,,,,,,117,3520,0,T3_B2_68,,,7,,,36.3,8,,,1
704,150,42,1-Aug,167,,8,71,2,8,0.025222222,0,,0.025222222,,0.012611111,0.004333333,704,,,,,,150,6680,0,T3_B2_71,,,11,,,55.5,12,,,1
705,100,4,12-Aug,80,,9,96,2,8,0.049555556,0.082888889,0.033333333,0.041444445,,0.066222223,0.025222222,705,,,,,,100,3200,0,T3_B2_96,,,7,,,33,7,,,1
706,78,8,10-Aug,83,,11,113,2,8,5.320833333,,,2.660416667,,2.660416667,0.082888889,706,,,,,,78,3320,0,T3_B2_113,,,6,,,31.5,9,,,1
707,134,49,1-Aug,144,,11,130,2,8,0.014333333,0.014333333,,0.007166667,,0.014333333,5.320833333,707,,,,,,134,5760,0,T3_B2_130,,,12,,,66.3,20,,,1
710,124,5,12-Aug,92,,8,67,2,8,0.034625,0.038625,0.004,0.0193125,,0.036625,0.014333333,710,,,,,,124,3680,0,T3_B2_67,,,8,,,,,,,1
712,105,13,7-Aug,96,,11,129,2,8,0.173666667,0.2555,0.081833333,0.12775,,0.214583334,0.038625,712,,,,,,105,3840,0,T3_B2_129,,,9,,,50.2,12,,,1
713,151,27,2-Aug,177,,3,12,2,8,0.1485,0.16275,0.01425,0.081375,,0.155625,0.2555,713,,,,,,151,7080,0,T3_B2_12,,,10,,,66.3,15,,,1
714,139,23,2-Aug,156,,8,80,2,8,0.056666667,0.056666667,,0.028333334,,0.056666667,0.16275,714,,,,,,139,6240,0,T3_B2_80,,,9,,,64.2,9,,,1
715,110,0,,81,,10,100,2,8,0.01375,,,0.006875,,0.006875,0.056666667,715,,,,,,110,3240,0,T3_B2_100,,,6,,,28,8,,,1
716,142,51,1-Aug,165,,11,117,2,8,,0,,0,,0,0.01375,716,,,,,,142,6600,0,T3_B2_117,,,9,,,78.8,20,,,1
717,181,15,9-Aug,170,,11,128,2,8,0.082333333,0.213666666,0.131333333,0.106833333,,0.148,0,717,,,,,,181,6800,0,T3_B2_128,,,8,,,50,11,,,1
718,151,10,8-Aug,164,,7,53,2,8,0.004,0,,0.002,,0.002,0.213666666,718,,,,,,151,6560,0,T3_B2_53,,,13,,,59.9,16,,,1
720,39,0,27-Aug,3,,11,125,2,8,0.068333333,0.068333333,,0.034166667,,0.068333333,0.004,720,,,,,,39,120,0,T3_B2_125,,,4,,,12,6,,,1
721,130,19,4-Aug,101,,3,16,3,8,0.018333333,0.093666666,0.075333333,0.046833333,,0.056,0.068333333,721,,,,,,130,4040,0,T2_B3_16,,,8,,,61,9,,,1
722,142,22,4-Aug,112,,3,15,3,8,0.0348,0.03705,0.00225,0.018525,,0.035925,0.093666666,722,,,,,,142,4480,0,T2_B3_15,,,8,,,,,,,1
723,126,6,10-Aug,28,,3,24,3,8,0.022333333,0,,0.011166667,,NA,0.03705,723,,,,,,126,1120,0,T2_B3_24,,,8,,,45.3,10,,,1
724,123,17,4-Aug,58,,8,81,3,8,0.03325,0,,0.016625,,0.016625,0.022333333,724,,,,,,123,2320,0,T2_B3_81,,,9,,,51.6,11,,,1
725,104,2,14-Aug,18,,10,100,3,8,0.01375,,,0.006875,,0.006875,0.03325,725,,,,,,104,720,0,T2_B3_100,,,8,,,36.5,8,,,1
727,84,0,21-Aug,14,,3,19,3,8,,0,,0,,0,0.01375,727,,,,,,84,560,0,T2_B3_19,,,6,,,32.5,6,,,1
729,95,12,6-Aug,19,,8,59,3,8,0.004666667,0.004666667,,0.002333334,,0,0,729,,,,,,95,760,0,T2_B3_59,,,6,,,44,8,,,1
730,133,27,3-Aug,75,,8,73,3,8,0.0195,0,,0.00975,,0.00975,0.004666667,730,,,,,,133,3000,0,T2_B3_73,,,10,,,42,11,,,1
732,132,24,4-Aug,73,,8,80,3,8,0.056666667,0.063833334,0.007166667,0.031916667,,0.060250001,0.0195,732,,,,,,132,2920,0,T2_B3_80,,,10,,,55,11,,,1
733,,16,5-Aug,67,,9,91,3,8,0.036,0.036,,0.018,,0.036,0.063833334,733,,,,,,,2680,0,T2_B3_91,,,9,,,55.3,11,,,1
736,93,9,8-Aug,21,,8,57,3,8,0.0035,0.0035,,0.00175,,0.0035,0.036,736,,,,,,93,840,0,T2_B3_57,,,8,,,38.5,8,,,1
737,140,37,1-Aug,149,,8,76,3,8,0.0445,0,0.001,0.02275,,0.02225,0.0035,737,,,,,,140,,0,T2_B3_76,,,10,,,70,12,,,1
738,84,3,12-Aug,5,,9,96,3,8,0.049555556,,,0.024777778,,0.024777778,0.0455,738,,,,,,84,200,0,T2_B3_96,,,8,,,33,7,,,1
739,129,46,2-Aug,85,,11,129,3,8,0.173666667,0.173666667,,0.086833334,,0.173666667,0.049555556,739,,,,,,129,3400,0,T1_B2_129,,,11,,,68,17,,,1
740,179,12,6-Aug,146,,8,63,3,8,0.071833333,0,,0.035916667,,NA,0.173666667,740,,,,,,179,5840,0,T2_B3_63,,,14,,,80.2,25,,,1
741,17,0,,,,9,87,3,8,0.008,0.008,,0.004,,0.008,0.071833333,741,,,,,,17,0,2,T2_B3_87,,,7,5,0.714285714,17,0,,1,2
742,54,0,29-Aug,4,,10,109,3,8,6.212,6.226,0.014,3.113,,6.219,0.008,742,,,,,,54,160,2,T2_B3_109,,,9,6,0.666666667,49,2,2,1,2
743,59,0,26-Aug,5,,8,71,3,8,0.025222222,0.025222222,,0.012611111,,0.025222222,6.226,743,,,,,,59,200,2,T2_B3_71,,,6,3,0.5,46.4,3,1,0.333333333,2
744,35,0,25-Aug,5,,3,12,3,8,0.1485,0.1485,,0.07425,,0.1485,0.025222222,744,,,,,,35,200,2,T2_B3_12,,,6,3,0.5,30,5,3,0.6,2
746,0,0,,7,,11,117,3,8,,0,,0,,0,0.1485,746,,,,,,0,280,2,T2_B3_117,,,8,6,0.75,29.5,4,3,0.75,2
747,,,,4,,8,67,3,8,0.034625,0.034625,,0.034625,,0.034625,0,747,,,,,,,160,2,T2_B3_67,,,6,3,0.5,30,3,1,0.333333333,2
748,65,0,22-Aug,12,,8,68,3,8,0.004333333,0.004333333,,0.004333333,,0.004333333,0.034625,748,,,,,,65,480,2,T2_B3_68,,,8,4,0.5,37.2,4,3,0.75,2
749,27,0,,3,,3,9,3,8,0.056666667,0.056666667,,0.056666667,,NA,0.004333333,749,,,,,,27,120,2,T2_B3_9,,,7,3,0.428571429,,0,,1,2
751,17,0,,0,,8,65,3,8,0.018666667,0.018666667,,0.018666667,,0.018666667,0.056666667,751,10,19,44,3,32571.113,17,0,2,T2_B3_65,,,7,4,0.571428571,29,0,,1,2
753,59,0,25-Aug,3,,8,82,3,8,0.110333333,0.110333333,,0.110333333,,0.110333333,0.018666667,753,,,,,,59,120,2,T2_B3_82,19,6,7,4,0.571428571,29,3,2,0.666666667,2
755,67,0,26-Aug,10,,8,59,3,8,0.004666667,0.004666667,,0.004666667,,0,0.110333333,755,,,,,,67,400,2,T2_B3_59,21,7,6,3,0.5,37,4,3,0.75,2
756,85,0,24-Aug,15,,8,72,3,8,0.086444444,0.086444444,,0.086444444,,0.086444444,0.004666667,756,21,36,88,10,27869.788,85,600,2,T2_B3_72,25,7,8,4,0.5,52,4,3,0.75,2
757,68,0,25-Aug,9,,10,106,3,8,0.004,0.004,,0.004,,0.004,0.086444444,757,17,79,208,25,61287.406,68,360,2,T2_B3_106,21,8,9,4,0.444444444,37.5,3,2,0.666666667,2
758,60,0,24-Aug,12,,8,70,3,8,0.001333333,0.001333333,,0.001333333,,0.001333333,0.004,758,,,,,,60,480,2,T2_B3_70,16,6,9,5,0.555555556,28.3,4,3,0.75,2
759,12,0,,0,,11,125,3,8,0.014333333,0.014333333,,0.014333333,,0.014333333,0.001333333,759,,,,,,12,0,2,T2_B3_130,10,5,6,3,0.5,10,0,,1,2
760,70,8,9-Aug,42,,11,113,3,8,5.320833333,5.320833333,,5.320833333,,5.320833333,0.014333333,760,,,,,,70,1680,2,T2_B3_113,20,7,11,5,0.454545455,51.3,6,4,0.666666667,2
761,,,,,,3,16,3,8,0.018333333,0.018333333,,0.018333333,,0.018333333,5.320833333,761,,,,,,,0,2,T1_B3_16,9,6,,,,,,,,2
762,29,0,,,,8,68,3,8,0.004333333,0.004333333,,0.004333333,,0.004333333,0.018333333,762,7,14,10,7,8648.703,29,0,2,T1_B3_68,23,9,10,7,0.7,35.2,5,4,0.8,2
763,42,0,30-Aug,2,,3,12,3,8,0.1485,0.1485,,0.1485,,0.1485,0.004333333,763,,,,,,42,160,2,T1_B3_12,25,7,7,5,0.714285714,29.5,3,2,0.666666667,2
764,37,0,28-Aug,3,,8,76,3,8,0.0445,0.0445,,0.0445,,0.0445,0.1485,764,,,,,,37,200,2,T1_B3_76,17,6,,,,23,3,1,0.333333333,2
765,56,0,28-Aug,5,,8,63,3,8,0.071833333,0.071833333,,0.071833333,,0.777777778,0.0445,765,8,67,51,8,18316.558,56,280,2,T1_B3_63,27,7,7,5,0.714285714,34.3,2,1,0.5,2
766,57,0,28-Aug,5,,8,73,3,8,0.0195,0.023833333,0.004333333,0.011916667,,0.021666667,0.071833333,766,,,,,,57,360,2,T1_B3_73,23,7,8,5,0.625,37.2,5,4,0.8,2
767,49,0,26-Aug,6,,11,113,3,8,5.320833333,5.3275,0.006666667,2.66375,,5.324166667,0.023833333,767,9,20,52,3,19835.681,49,320,2,T1_B3_113,23,7,8,5,0.625,41,4,3,0.75,2
768,26,0,26-Aug,5,,11,128,3,8,0.082333333,0.083333333,0.001,0.041666667,,0.082833333,5.3275,768,6,8,30,3,6896.244,26,200,2,T1_B3_128,18,8,9,4,0.444444444,25,6,6,1,2
770,20,0,,,,11,125,3,8,0.014333333,0.014333333,,0.014333333,,0.014333333,0.083333333,770,,,,,,20,0,2,T1_B3_130,17,6,10,9,0.9,29,5,5,1,2
772,21,0,,,,3,9,3,8,0.056666667,0.056666667,,0.056666667,,NA,0.014333333,772,,,,,,21,0,2,T1_B3_9,17,8,8,3,0.375,26,7,6,0.857142857,2
773,,,,,,11,121,3,8,0.07,0.07,,0.07,,0.07,0.056666667,773,,,,,,,0,2,T1_B3_121,8,7,6,4,0.666666667,13,0,,1,2
774,,,,,,6,45,3,8,0.041,0.041,,0.041,,0.041,0.07,774,,,,,,,0,2,T1_B3_45,,,7,4,0.571428571,,0,,1,2
776,44,0,28-Aug,8,,3,15,3,8,0.0348,0.0348,,0.0348,,0.0348,0.041,776,,,,,,44,320,2,T1_B3_15,15,7,9,5,0.555555556,19,3,1,0.333333333,2
777,39,0,30-Aug,4,,11,129,3,8,0.173666667,0.173666667,,0.173666667,,0.173666667,0.0348,777,2,8,7,5,5542.648,39,160,2,T1_B3_129,23,6,9,5,0.555555556,33,3,3,1,2
778,40,0,29-Aug,9,,8,80,3,8,0.056666667,0.056666667,,0.056666667,,0.056666667,0.173666667,778,,,,,,40,360,2,T1_B3_80,19,8,8,5,0.625,25,4,2,0.5,2
779,42,0,28-Aug,3,,8,81,3,8,0.03325,0.03325,,0.03325,,0.03325,0.056666667,779,,,,,,42,120,2,T1_B3_81,19,7,9,5,0.555555556,30,2,1,0.5,2
780,28,0,,,,9,91,3,8,0.036,0.036,,0.036,,0.036,0.03325,780,,,,,,28,0,2,T1_B3_91,17,7,7,6,0.857142857,20,2,2,1,2
781,171,15,5-Aug,162,,10,109,3,8,6.212,6.721,,6.212,,6.4665,0.036,781,16,53,28,9,20911.048,171,6480,0,T1_B3_109,19,8,13,,,77.2,17,,,1
782,154,60,30-Jul,110,,8,70,3,8,0.001333333,0,0.013666667,0.0075,,0.000666667,6.212,782,,,,,,154,4400,0,T1_B3_70,21,8,9,,,80,16,,,1
783,109,20,5-Aug,35,,8,65,3,8,0.018666667,0,,0.018666667,,0.009333334,0.015,783,,,,,,109,1400,0,T1_B3_58,15,6,10,,,60.5,10,,,1
784,164,33,3-Aug,126,,8,67,3,8,0.034625,0.175625,0.141,0.0878125,,0.105125,0.018666667,784,9,26,97,10,35285.667,164,5040,0,T1_B3_67,20,10,22,,,79.5,29,,,1
786,105,7,8-Aug,26,,3,29,3,8,0.212333333,0.212333333,,0.212333333,,0.017,0.175625,786,6,60,116,13,46944.997,105,1040,0,T1_B3_29,26,7,8,,,57,9,,,1
787,105,8,8-Aug,114,,10,106,3,8,0.004,0.004333333,,0.004,,0.004166667,0.212333333,787,12,36,99,13,39457.076,105,4560,0,T1_B3_106,19,5,9,,,52,10,,,1
788,89,7,8-Aug,67,,7,53,3,8,0.004,0,,0.004,,0.002,0.004,788,,,,,,89,2680,0,T1_B3_53,21,8,8,,,52,9,,,1
789,37,0,29-Aug,3,,10,100,3,8,0.01375,0.01375,,0.01375,,0.01375,0.004,789,,,,,,37,120,0,T1_B3_100,7,6,6,,,25,6,,,1
790,104,18,5-Aug,76,,8,71,3,8,0.025222222,0,,0.025222222,,0.012611111,0.01375,790,,,,,,104,3040,0,T1_B3_71,23,6,9,,,67,10,,,1
791,163,24,3-Aug,88,,8,72,3,8,0.086444444,0.101777777,,0.086444444,,0.094111111,0.025222222,791,18,28,85,12,27537.593,163,3520,0,T1_B3_72,21,8,11,,,70.2,9,,,1
792,72,2,13-Aug,7,,9,96,3,8,0.049555556,0.049555556,,0.049555556,,0.049555556,0.086444444,792,7,92,75,17,33632.703,72,280,0,T1_B3_96,7,6,7,,,27,8,,,1
793,62,7,9-Aug,9,,11,125,3,8,0.068333333,0.068333333,,0.068333333,,0.068333333,0.049555556,793,8,51,43,11,15374.84,62,360,0,T1_B3_125,7,7,8,,,,,,,1
794,73,17,5-Aug,22,,11,117,3,8,,0,,,,0,0.068333333,794,5,23,50,9,16864.005,73,880,0,T1_B3_117,14,7,9,,,40.5,8,,,1
795,105,6,10-Aug,91,,8,82,3,8,0.110333333,0.118666666,,0.110333333,,0.1145,0,795,11,46,57,6,25915.292,105,3640,0,T1_B3_82,16,7,9,,,47.3,9,,,1
796,76,10,8-Aug,15,,9,87,3,8,0.008,0.008,,0.008,,0.008,0.110333333,796,,,,,,76,600,0,T1_B3_87,14,7,9,,,42,9,,,1
797,,,,,,8,78,3,8,0.0155,0.0155,,0.0155,,0.0155,0.008,797,,,,,,,0,0,T1_B3_78,,,,,,,,,,1
798,105,23,3-Aug,27,,8,57,3,8,0.0035,0,,0.0035,,0.00175,0.0155,798,,,,,,105,1080,0,T1_B3_57,26,7,9,,,63,10,,,1
800,58,0,28-Aug,5,,3,24,3,8,0.022333333,0.022333333,,0.022333333,,0.022333333,0.0035,800,5,59,60,7,23882.182,58,200,0,T1_B3_24,8,7,8,,,26.5,8,,,1
803,75,0,25-Aug,9,,10,109,3,9,6.212,,,6.212,,3.106,0.022333333,803,,,,,,75,360,0,T2_B3_109,16,5,7,,,32.2,8,,,1
809,121,,10-Aug,31,,3,12,3,9,0.1485,0,,0.1485,,0.07425,6.212,809,,,,,,121,1240,0,T2_B3_12,17,5,8,,,33,10,,,1
810,0,,,,,3,15,3,9,0.0348,0.0348,,0.0348,,0.0348,0.1485,810,,,,,,0,0,0,T2_B3_15,14,4,5,,,,,,,1
812,51,,28-Aug,4,,8,68,3,9,0.004333333,0,,0.004333333,,0.002166667,0.0348,812,,,,,,51,160,0,T2_B3_68,17,5,5,,,27.5,6,,,1
813,80,,18-Aug,18,,8,81,3,9,0.03325,0,,0.03325,,0.016625,0.004333333,813,,,,,,80,720,0,T2_B3_81,23,5,7,,,41.5,6,,,1
816,90,,19-Aug,21,,11,113,3,9,5.320833333,,,5.320833333,,2.660416667,0.03325,816,,,,,,90,840,0,T2_B3_113,12,4,7,,,33,8,,,1
817,150,,1-Aug,73,,10,106,3,9,0.004,,,0.004,,0.002,5.320833333,817,,,,,,150,2920,0,T2_B3_106,24,7,10,,,44,14,,,1
818,137,,4-Aug,45,,3,19,3,9,,0,,,,0,0.004,818,,,,,,137,1800,0,T2_B3_19,12,7,9,,,36.5,10,,,1
819,120,,10-Aug,42,,8,71,3,9,0.025222222,0,,0.025222222,,0.012611111,0,819,,,,,,120,1680,0,T2_B3_71,23,6,7,,,40,10,,,1
820,137,,2-Aug,130,,11,130,3,9,0.014333333,0.014333333,,0.014333333,,0.014333333,0.025222222,820,,,,,,137,5200,0,T2_B3_130,19,7,13,,,56,23,,,1
824,130,,8-Aug,56,,8,59,3,9,0.004666667,0.004666667,,0.004666667,,0.0425,0.014333333,824,17,18,46,4,27900.225,130,2240,0,T2_B3_23,12,6,10,,,45,10,,,1
825,140,,7-Aug,51,,8,71,3,9,0.025222222,0.025222222,,0.025222222,,0.025222222,0.004666667,825,8,85,52,12,21164.653,140,2040,0,T2_B3_71,10,6,7,,,43,10,,,1
827,128,,10-Aug,112,,10,106,3,9,0.004,,,0.004,,0.002,0.025222222,827,,,,,,128,4480,0,T2_B3_106,12,6,,,,,,,,1
828,179,,12-Aug,32,,8,80,3,9,0.056666667,0.059666667,,0.056666667,,0.058166667,0.004,828,5,30,27,5,14129.432,179,1280,0,T2_B3_80,18,7,8,,,34,7,,,1
829,,,,193,,8,82,3,9,0.110333333,0.110333333,,0.110333333,,0.110333333,0.056666667,829,3,75,82,8,29438.012,,7720,0,T2_B3_82,,,11,,,61,11,,,1
833,133,,7-Aug,64,,8,57,3,9,0.0035,0,,0.0035,,0.00175,0.110333333,833,,,,,,133,2560,0,T2_B3_57,11,6,8,,,51,11,,,1
834,164,,1-Aug,93,,8,68,3,9,0.004333333,0.010833333,,0.004333333,,0.007583333,0.0035,834,13,39,93,8,36452.473,164,3720,0,T2_B3_68,14,8,10,,,53.5,10,,,1
835,130,,6-Aug,37,,11,121,3,9,0.07,0.07,,0.07,,0.07,0.004333333,835,,,,,,130,1480,0,T2_B3_121,13,6,7,,,44.6,9,,,1
836,145,,3-Aug,37,,8,70,3,9,0.001333333,0.000269,,0.001333333,,0.000801167,0.07,836,17,24,42,4,18695.313,145,1480,0,T2_B3_70,10,5,8,,,41,10,,,1
838,177,,29-Jul,82,,10,109,3,9,6.212,6.212,,6.212,,6.212,0.001333333,838,8,78,29,8,18017.616,177,3280,0,T2_B3_109,13,4,10,,,45,12,,,1
840,106,,10-Aug,24,,8,65,3,9,0.018666667,0.018666667,,0.018666667,,0.018666667,6.212,840,5,22,69,15,24195.175,106,960,0,T2_B3_58,9,5,8,,,27,8,,,1
841,144,,,153,,8,76,3,9,0.0445,0,,0.0445,,0.02225,0.018666667,841,,,,,,144,6120,0,T2_B3_76,10,7,8,,,39,10,,,1
843,168,,2-Aug,164,,8,63,3,9,0.071833333,0,,0.071833333,,0.035916667,0.0445,843,,,,,,168,6560,0,T2_B3_63,20,6,9,,,50,13,,,1
844,,,,,,6,45,3,9,0.041,0.041,,0.041,,0.041,0.071833333,844,,,,,,,0,0,T2_B3_45,,,9,,,,,,,1
846,,,,,,3,29,3,9,0.212333333,0,,0.212333333,,0.106166667,0.041,846,,,,,,,0,0,T2_B3_29,10,5,,,,,,,,1
847,159,,4-Aug,118,,11,128,3,9,0.082333333,0.082333333,,0.082333333,,0.082333333,0.212333333,847,,,,,,159,1120,0,T2_B3_128,21,6,9,,,56,10,,,1
850,,,,,,11,130,3,9,0.014333333,0.014333333,,0.014333333,,0.014333333,0.082333333,850,,,,,,,0,0,T2_B3_130,,,,,,50.5,10,,,1
853,132,,4-Aug,96,,8,81,3,9,0.03325,0,,0.03325,,0.016625,0.014333333,853,,,,,,132,3840,0,T2_B3_81,,,8,,,,,,,1
855,118,,18-Aug,82,,7,53,3,9,0.004,0,,0.004,,0.002,0.03325,855,,,,,,118,3280,0,T2_B3_53,,,8,,,31.5,10,,,1
859,120,,19-Aug,77,,3,19,3,9,,0,,0,,0,0.004,859,,,,,,120,3080,0,T2_B3_19,9,7,9,,,44,9,,,1
860,149,,6-Aug,124,,9,87,3,9,0.008,0.024333333,0.016333333,0.012166667,,0.016166667,0,860,,,,,,149,4960,0,T2_B3_87,11,8,10,,,50,191,,,1
862,153,,28-Jul,184,,11,113,3,9,5.320833333,,,5.320833333,,2.660416667,0.024333333,862,,,,,,153,7360,0,T1_B3_113,24,8,12,,,71,26,,,1
863,,,,,,11,113,,9,,0,,0,,0,5.320833333,863,,,,,,,0,0,,,,,,,,,,,1
864,130,,8-Aug,101,,11,125,3,9,0.068333333,0.068333333,,0.068333333,,0.068333333,0,864,,,,,,130,4040,0,T1_B3_125,17,8,10,,,67,9,,,1
865,162,,6-Aug,148,,11,128,3,9,0.082333333,0.082333333,,0.082333333,,0.082333333,0.068333333,865,6,52,103,16,39017.582,162,5920,0,T1_B3_128,16,7,11,,,68,12,,,1
866,149,,6-Aug,131,,8,63,3,9,0.071833333,0.06,,0.071833333,,0.065916667,0.082333333,866,10,61,64,10,30529.689,149,5240,0,T1_B3_63,19,9,9,,,68,10,,,1
867,148,,4-Aug,137,,3,12,3,9,0.1485,0,,0.1485,,NA,0.071833333,867,,,,,,148,5480,0,T1_B3_12,18,7,10,,,66,11,,,1
868,142,,3-Aug,141,,8,70,3,9,0.001333333,0,,0.001333333,,0.000666667,0.1485,868,,,,,,142,5640,0,T1_B3_70,24,7,9,,,63,11,,,1
869,,,,,,11,129,3,9,0.173666667,0.173666667,,0.173666667,,0.173666667,0.001333333,869,,,,,,,0,0,T1_B3_129,11,8,10,,,38,8,,,1
871,141,,2-Aug,1,,8,72,3,9,0.086444444,0.087444444,,0.086444444,,0.086944444,0.173666667,871,21,41,96,9,73288.47,141,40,0,T1_B3_72,9,6,9,,,53.5,9,,,1
872,148,,10-Aug,102,,11,117,3,9,,0,,0,,0,0.086444444,872,,,,,,148,4080,0,T1_B3_117,13,10,11,,,52,13,,,1
873,152,,8-Aug,143,,8,57,3,9,0.0035,0.0035,,0.0035,,0.0035,0,873,6,9,28,2,12441.215,152,5720,0,T1_B3_57,23,8,12,,,67,20,,,1
875,140,,5-Aug,131,,11,121,3,9,0.07,0.07,,0.07,,0.07,0.0035,875,,,,,,140,5240,0,T1_B3_121,13,10,12,,,54,16,,,1
876,167,,,156,,8,82,3,9,0.110333333,0,,0.110333333,,0.055166667,0.07,876,,,,,,167,6240,0,T1_B3_82,17,9,10,,,60,12,,,1
877,,,,,,8,73,3,9,0.0195,0,,0.0195,,0.00975,0.110333333,877,,,,,,,0,0,T1_B3_73,13,7,11,,,59.5,10,,,1
879,37,,29-Aug,2,,8,59,3,9,0.004666667,0,,0.004666667,,0.002333334,0.0195,879,,,,,,37,80,0,T1_B3_23,7,5,5,,,16,6,,,1
880,55,,19-Aug,7,,8,80,3,9,0.056666667,0,,0.056666667,,0.028333334,0.004666667,880,6,24,46,3,29956.478,55,280,0,T1_B3_80,10,5,7,,,29,6,,,1
881,32,0,2-Sep,1,,10,109,3,9,6.212,6.212,,6.212,,6.212,0.056666667,881,8,2,29,4,16078.219,32,40,2,T1_B3_109,15,8,6,6,1,24,4,4,1,2
882,16,0,,0,,10,106,3,9,0.004,0.004,,0.004,,0.004,6.212,882,,,,,,16,0,2,T1_B3_106,13,7,6,6,1,16.5,0,,1,2
883,52,0,29-Aug,6,,8,71,3,9,0.025222222,0.025222222,,0.025222222,,0.025222222,0.004,883,,,,,,52,240,2,T1_B3_71,20,8,8,5,0.625,29.2,4,3,0.75,2
887,52,0,31-Aug,9,,8,81,3,9,0.03325,0.03325,,0.03325,,0.03325,0.025222222,887,,,,,,52,360,2,T1_B3_81,19,6,6,4,0.666666667,29,4,2,0.5,2
888,48,0,30-Aug,5,,3,15,3,9,0.0348,0.0348,,0.0348,,0.0348,0.03325,888,,,,,,48,200,2,T1_B3_15,18,5,7,5,0.714285714,28,5,3,0.6,2
890,33,0,2-Sep,1,,9,91,3,9,0.036,0.036,,0.036,,0.036,0.0348,890,,,,,,33,40,2,T1_B3_91,12,7,7,7,1,18.3,4,4,1,2
891,15,0,,0,,10,100,3,9,0.01375,0.01375,,0.01375,,0.01375,0.036,891,,,,,,15,0,2,T1_B3_100,15,6,6,6,1,15.6,5,5,1,2
892,,,,,,3,29,3,9,0.212333333,0.212333333,,0.212333333,,0.212333333,0.01375,892,11,47,51,6,33257.482,13,0,2,T1_B3_29,9,6,6,5,0.833333333,14,0,,1,2
894,28,0,2-Sep,2,,8,68,3,9,0.004333333,0.004333333,,0.004333333,,0.004333333,0.212333333,894,,,,,,28,80,2,T1_B3_68,13,6,5,4,0.8,20,2,2,1,2
896,50,0,30-Aug,3,,3,19,3,9,,0,,0,,NA,0.004333333,896,6,90,147,3,95873.863,50,120,2,T1_B3_19,28,7,7,4,0.571428571,39,3,2,0.666666667,2
897,100,0,27-Aug,29,,8,67,3,9,0.034625,0.034625,,0.034625,,0.034625,0,897,,,,,,100,1160,2,T1_B3_67,25,8,8,6,0.75,43,6,4,0.666666667,2
899,35,0,,0,,11,125,3,9,0.014333333,0.014333333,,0.014333333,,0.014333333,0.034625,899,4,10,10,1,4930.294,35,0,2,T1_B3_130,24,8,9,7,0.777777778,37,6,4,0.666666667,2
900,33,0,,0,,3,9,3,9,0.056666667,0.056666667,,0.056666667,,0.112,0.014333333,900,10,25,41,8,26715.688,33,9,2,T1_B3_9,26,7,9,6,0.666666667,35.5,2,2,1,2
901,39,,29-Aug,2,,9,91,3,10,0.036,0.073666667,0.037666667,0.036833334,,0.054833334,0.056666667,901,,,,,,39,80,0,T2_B3_91,16.6,5,6,,,28,6,,,1
902,,,,11,,8,82,3,10,0.110333333,0,,0.110333333,,0.055166667,0.073666667,902,,,,,,,440,0,T2_B3_82,27.9,5,7,,,42,8,,,1
903,122,,18-Aug,22,,8,63,3,10,0.071833333,0,,0.071833333,,0.035916667,0.110333333,903,,,,,,122,880,0,T2_B3_63,25.5,4,6,,,46,9,,,1
906,159,,20-Aug,101,,8,67,3,10,0.034625,0.034625,,0.034625,,0.034625,0.071833333,906,,,,,,159,4040,0,T2_B3_67,26.5,8,9,,,54,11,,,1
910,92,,19-Aug,78,,8,59,3,10,0.004666667,0,,0.004666667,,0,0.034625,910,,,,,,92,3120,0,T2_B3_23,17,6,9,,,42,10,,,1
911,84,,20-Aug,10,,8,72,3,10,0.086444444,0,,0.086444444,,0.043222222,0.004666667,911,,,,,,84,400,0,T2_B3_72,23.7,7,7,,,37,8,,,1
912,94,,22-Aug,4,,11,125,3,10,0.068333333,0.068333333,,0.068333333,,0.068333333,0.086444444,912,,,,,,94,160,0,T2_B3_125,16,6,6,,,24,8,,,1
913,93,,19-Aug,18,,8,70,3,10,0.001333333,0,,0.001333333,,0.000666667,0.068333333,913,,,,,,93,720,0,T2_B3_70,29,6,7,,,40,8,,,1
915,151,,6-Aug,176,,8,59,3,10,0.004666667,0,,0.004666667,,0,0.001333333,915,,,,,,151,7040,0,T2_B3_59,31.5,7,9,,,69,14,,,1
916,129,,10-Aug,116,,11,129,3,10,0.173666667,0.195666667,0.022,0.097833334,,0.184666667,0.004666667,916,,,,,,129,4640,0,T2_B3_129,21.6,8,12,,,62,18,,,1
917,130,,8-Aug,126,,11,121,3,10,0.07,0.07,,0.07,,0.07,0.195666667,917,,,,,,130,5040,0,T2_B3_121,25.2,7,11,,,60,19,,,1
918,155,,4-Aug,133,,8,57,3,10,0.0035,0,,0.0035,,0.00175,0.07,918,,,,,,155,5320,0,T2_B3_57,32.3,8,11,,,72,18,,,1
919,98,,19-Aug,76,,8,73,3,10,0.0195,0,,0.0195,,0.00975,0.0035,919,,,,,,98,3040,0,T2_B3_73,20,6,8,,,40.6,10,,,1
920,153,,6-Aug,147,,3,9,3,10,0.056666667,0,,0.056666667,,0.028333334,0.0195,920,,,,,,153,5880,0,T2_B3_9,30.6,8,11,,,68,12,,,1
921,41,,29-Aug,22,,3,16,3,10,0.018333333,0.024333333,0.006,0.012166667,,0.021333333,0.056666667,921,,,,,,41,880,0,T2_B3_16,11.8,5,6,,,19,3,,,1
922,146,,4-Aug,177,,11,130,3,10,0.014333333,0.052,0.037666667,0.026,,0.033166667,0.024333333,922,,,,,,146,7080,0,T3_B3_130,36,9,24,,,67,32,,,1
923,105,,25-Aug,87,,8,78,3,10,0.0155,0.0285,0.013,0.01425,,0.022,0.052,923,,,,,,105,3480,0,T2_B3_78,12.4,6,8,,,45,9,,,1
924,138,,27-Aug,95,,8,72,3,10,0.086444444,0,,0.086444444,,0.043222222,0.0285,924,,,,,,138,3800,0,T3_B3_72,21.5,5,8,,,48,9,,,1
925,111,,27-Aug,98,,3,9,3,10,0.056666667,0,,0.056666667,,0.028333334,0.086444444,925,,,,,,111,3920,0,T2_B3_9,25.5,5,7,,,33.6,8,,,1
926,82,,24-Aug,73,,11,117,3,10,,0,,0,,0,0.056666667,926,,,,,,82,2920,0,T3_B3_11,19.5,6,8,,,27.9,8,,,1
927,161,,5-Aug,187,,3,15,3,10,0.0348,0.042466667,0.007666667,0.021233334,,0.038633334,0,927,,,,,,161,7480,0,T3_B3_15,21.7,8,10,,,43,13,,,1
928,118,,23-Aug,101,,11,130,3,10,,0,,0,,0,0.042466667,928,,,,,,118,4040,0,,,,,,,,,,,1
929,130,,21-Aug,127,,8,65,3,10,0.018666667,0,,0.009333334,,0.009333334,0,929,,,,,,130,5080,0,T3_B3_58,13.7,7,8,,,38.3,8,,,1
930,143,,25-Aug,164,,8,68,3,10,0.004333333,0,0.007,0.005666667,,0.002166667,0.018666667,930,,,,,,143,6560,0,T3_B3_68,16.7,7,9,,,44,9,,,1
931,152,,2-Aug,170,,3,12,3,10,0.1485,0,,0.07425,,NA,0.011333333,931,,,,,,152,6800,0,T2_B3_12,29,8,11,,,67,19,,,1
932,116,,6-Aug,99,,8,57,3,10,0.0035,0,,0.00175,,0.00175,0.1485,932,,,,,,116,3960,0,T3_B3_57,23.5,6,9,,,43,13,,,1
934,130,,7-Aug,127,,3,19,3,10,,0,,0,,0,0.0035,934,,,,,,130,5080,0,T2_B3_19,16.5,5,8,,,41,11,,,1
935,136,,6-Aug,145,,10,109,3,10,6.212,,7.211666667,6.711833334,,3.106,0,935,,,,,,136,5800,0,T3_B3_109,23,7,8,,,54,15,,,1
936,168,,8-Aug,173,,8,80,3,10,0.056666667,0.056666667,,0.028333334,,0.056666667,13.42366667,936,,,,,,168,6920,0,T3_B3_80,18,6,8,,,39.8,9,,,1
937,119,,6-Aug,112,,8,59,3,10,0.004666667,0,0.005,0.004833334,,0,0.056666667,937,,,,,,119,4480,0,T3_B3_59,18.7,6,9,,,53.4,10,,,1
938,140,,20-Aug,102,,8,81,3,10,0.03325,0.03425,0.001,0.017125,,0.03375,0.009666667,938,,,,,,140,4080,0,T3_B3_81,21,7,11,,,52.3,11,,,1
940,151,,12-Aug,122,,11,121,3,10,0.07,0.07,,0.035,,0.07,0.03425,940,,,,,,151,4880,0,T3_B3_121,,,7,,,25,9,,,1
943,121,,21-Aug,98,,3,29,3,10,0.212333333,0,,0.212333333,,0.106166667,0.07,943,,,,,,121,3920,0,T3_B3_29,24.1,7,8,,,43,8,,,1
944,79,,28-Aug,56,,8,67,3,10,0.034625,0.028,,0.034625,,0.0313125,0.212333333,944,12,36,144,10,56334.34,79,2240,0,T3_B3_67,13.2,6,6,,,26,7,,,1
947,112,,19-Aug,109,,9,91,3,10,0.036,0,,0.036,,0.018,0.034625,947,,,,,,112,4360,0,T3_B3_91,17.5,6,7,,,30.8,8,,,1
948,88,,21-Aug,79,,11,129,3,10,0.173666667,0.173666667,,0.173666667,,0.173666667,0.036,948,,,,,,88,3160,0,T3_B3_129,10,5,7,,,24,8,,,1
952,158,,8-Aug,165,,11,128,3,10,0.082333333,0.102666666,0.020333333,0.082333333,,0.0925,0.173666667,952,,,,,,158,6600,0,T3_B3_128,20.2,6,11,,,49,12,,,1
953,50,,29-Aug,46,,10,106,3,10,0.004,,,0.004,,0.002,0.102666666,953,,,,,,50,1840,0,T3_B3_106,13.5,5,6,,,22.3,5,,,1
956,134,,12-Aug,121,,7,53,3,10,0.004,0.018666667,0.014666667,0.004,,0.011333334,0.004,956,,,,,,134,4840,0,T3_B3_53,20,7,10,,,44.5,10,,,1
957,125,,14-Aug,108,,8,73,3,10,0.0195,0,,0.0195,,0.00975,0.018666667,957,,,,,,125,4320,0,T3_B3_73,20,5,10,,,41.2,10,,,1
958,139,,6-Aug,156,,8,71,3,10,0.025222222,0,,0.025222222,,0.012611111,0.0195,958,,,,,,139,6240,0,T3_B3_71,26.6,6,10,,,54,11,,,1
959,131,,8-Aug,143,,8,76,3,10,0.0445,0,,0.0445,,0.02225,0.025222222,959,,,,,,131,5720,0,T3_B3_76,24.5,5,9,,,50.2,18,,,1
960,150,,10-Aug,160,,8,63,3,10,0.071833333,0,,0.071833333,,0.035916667,0.0445,960,,,,,,150,6400,0,T3_B3_63,32.5,6,8,,,51.6,11,,,1
961,89,,22-Aug,96,,3,16,3,10,0.018333333,0,,0.018333333,,0.009166667,0.071833333,961,,,,,,89,3840,0,T2_B3_16,,,7,,,29.2,8,,,1
962,160,,8-Aug,182,,8,80,3,10,0.056666667,0.072166667,0.0155,0.056666667,,0.064416667,0.018333333,962,,,,,,160,7280,0,T2_B3_80,41.5,7,11,,,72,17,,,1
963,79,,28-Aug,68,,8,82,3,10,0.110333333,0,,0.110333333,,0.055166667,0.072166667,963,,,,,,79,2720,0,T2_B3_82,20.7,6,7,,,36,6,,,1
964,133,,18-Aug,124,,3,29,3,10,0.212333333,0.218,0.005666667,0.212333333,,0.215166667,0.110333333,964,,,,,,133,4960,0,T2_B3_29,15.2,7,9,,,43,10,,,1
965,163,,7-Aug,170,,8,57,3,10,0.0035,0.008833333,0.005333333,0.0035,,0.006166667,0.218,965,,,,,,163,6800,0,T2_B3_57,19.3,8,10,,,63.2,14,,,1
966,178,,8-Aug,182,,8,72,3,10,0.086444444,0,0.001,0.086444444,,0.043222222,0.008833333,966,,,,,,178,7280,0,T2_B3_72,23.2,7,10,,,70,10,,,1
967,151,,5-Aug,162,,3,23,3,10,0.1715,0.1845,0.013,0.1715,,0.178,0.087444444,967,,,,,,151,6480,0,T2_B3_23,25.5,7,11,,,67,17,,,1
968,115,,8-Aug,124,,8,73,3,10,0.0195,0,,0.0195,,0.00975,0.1845,968,,,,,,115,4960,0,T2_B3_73,18.6,7,9,,,53.6,10,,,1
969,61,,27-Aug,53,,7,53,3,10,0.004,0.004,,0.004,,0.004,0.0195,969,7,17,91,8,40574.632,61,2120,0,T2_B3_53,7.7,5,7,,,17,7,,,1
970,,,,,,9,96,3,10,0.049555556,,,0.049555556,,0.024777778,0.004,970,,,,,,,0,0,T2_B3_96,,,3,,,5,5,,,1
971,106,,23-Aug,97,,8,59,3,10,0.004666667,0,,0.004666667,,0,0.049555556,971,,,,,,106,3880,0,T2_B3_59,19.6,7,7,,,34,9,,,1
972,130,,20-Aug,117,,8,81,3,10,0.03325,0.03325,,0.03325,,0.03325,0.004666667,972,,,,,,130,4680,0,T2_B3_81,27.2,6,10,,,53,10,,,1
974,122,,18-Aug,108,,11,130,3,10,0.014333333,0.014333333,,0.014333333,,0.014333333,0.03325,974,,,,,,122,4320,0,T2_B3_130,33.2,9,9,,,65.7,11,,,1
977,152,,28-Aug,134,,8,70,3,10,0.001333333,0.015,,0.001333333,,0.008166667,0.014333333,977,12,35,90,7,34518.44,152,5360,0,T2_B3_70,16.6,5,2,,,26.3,4,,,1
979,52,,27-Aug,47,,11,125,3,10,0.068333333,0.068333333,,0.068333333,,0.068333333,0.001333333,979,5,66,72,6,27851.072,52,1880,0,T2_B3_125,9.2,6,7,,,16.8,,,,1
980,44,,28-Aug,32,,8,68,3,10,0.004333333,0.0032145,,0.004333333,,0.003773917,0.068333333,980,8,35,64,8,28401.805,44,1280,0,T2_B3_68,14.1,6,6,,,19,5,,,1
981,19,0,2-Sep,1,,11,113,3,10,5.320833333,5.320833333,,5.320833333,,5.320833333,0.004333333,981,,,,,,19,40,2,T2_B3_113,13.2,6,7,5,0.714285714,13.5,4,2,0.5,2
982,,,,3,,11,129,3,10,0.173666667,0.173666667,,0.173666667,,0.173666667,5.320833333,982,,,,,,,120,2,T2_B3_129,,,7,5,0.714285714,21,4,4,1,2
984,24,0,2-Sep,2,,10,109,3,10,6.212,6.212,,6.212,,6.212,0.173666667,984,,,,,,24,80,2,T2_B3_109,19.6,6,5,5,1,20,2,2,1,2
985,,,,0,,9,87,3,10,0.008,0.008,,0.008,,0.008,6.212,985,,,,,,,0,2,T2_B3_87,,,,,,,,,,2
988,,,,0,,3,24,3,10,0.022333333,0.022333333,,0.022333333,,NA,0.008,988,,,,,,,0,2,T2_B3_24,,,,,,,,,,2
989,,,,0,,8,67,3,10,0.034625,0.066291667,0.031666667,0.033145834,,0.050458334,0.022333333,989,,,,,,,0,2,T2_B3_67,15.6,6,7,7,1,,0,,1,2
990,,,,0,,3,12,3,10,0.1485,0.1485,,0.1485,,0.1485,0.066291667,990,11,34,21,3,21324.212,,0,2,T2_B3_12,22.5,7,6,5,0.833333333,20.1,0,,1,2
992,20,,,1,,10,106,3,10,0.004,0.004,,0.004,,0.004,0.1485,992,,,,,,20,40,2,T2_B3_106,17,5,6,6,1,18,2,1,0.5,2
993,30,0,1-Sep,2,,8,71,3,10,0.025222222,0.025222222,,0.025222222,,0.025222222,0.004,993,,,,,,30,80,2,T2_B3_71,16.4,5,6,0,0,20.5,3,1,0.333333333,2
995,23,0,3-Sep,1,,8,76,3,10,0.0445,0.0445,,0.0445,,0.0445,0.025222222,995,,,,,,23,40,2,T2_B3_76,14,5,6,5,0.833333333,18.6,4,3,0.75,2
996,25,,,1,,11,128,3,10,0.082333333,0.082333333,,0.082333333,,0.082333333,0.0445,996,,,,,,25,40,2,T2_B3_128,24.1,4,6,6,1,28,4,4,1,2
998,,,,0,,3,19,3,10,,0,,0,,0,0.082333333,998,,,,,,,0,2,T2_B3_19,18,5,8,8,1,11,0,,1,2
1000,,,,0,,3,9,3,10,0.056666667,0.056666667,,0.056666667,,0.056666667,0,1000,,,,,,,0,2,T2_B3_9,24.6,8,8,6,0.75,19.5,0,,1,2
1002,17,,,3,,3,19,1,11,,0,,0,,NA,0.056666667,1002,8,85,139,3,91869.966,17,120,2,T2_B3_19,9.5,5,6,6,1,13.3,4,3,0.75,2
1009,38,,29-Aug,1,,8,57,1,11,0.0035,0.0035,,0.0035,,0.0035,0,1009,22,162,50,9,43476.542,38,40,2,T3_B3_57,13.7,5,5,5,1,28.5,3,3,1,2
1014,15,,,2,,9,91,1,11,0.036,0.036,,0.036,,0.036,0.0035,1014,7,12,105,7,62426.408,15,80,2,T3_B3_91,13.5,6,4,4,1,15.5,4,3,0.75,2
1016,50,,25-Aug,9,,11,113,1,11,5.320833333,5.320833333,,5.320833333,,5.320833333,0.036,1016,8,24,55,6,20917.447,50,360,2,T3_B3_113,19,6,7,6,0.857142857,35,4,3,0.75,2
1017,26,,28-Aug,2,,3,9,1,11,0.056666667,0.056666667,,0.056666667,,NA,5.320833333,1017,,,,,,26,80,2,T3_B3_9,7.1,5,6,6,1,11,3,3,1,2
1020,14,,,2,,8,80,1,11,0.056666667,0.056666667,,0.056666667,,0.056666667,0.056666667,1020,3,82,113,3,55862.03,14,80,2,T3_B3_80,8.1,5,5,5,1,9,3,3,1,2
1021,39,,1-Sep,2,,8,67,1,11,0.034625,0.034625,,0.034625,,0.034625,0.056666667,1021,,,,,,39,80,2,T3_B3_67,15.5,6,7,6,0.857142857,22,3,2,0.666666667,2
1024,42,,2-Sep,2,,8,63,1,11,0.071833333,0.071833333,,0.071833333,,0.071833333,0.034625,1024,,,,,,42,80,2,T3_B3_63,24,6,6,5,0.833333333,33.2,3,3,1,2
1031,19,,,1,,8,82,1,11,0.110333333,0.110333333,,0.110333333,,0.110333333,0.071833333,1031,6,62,7,3,9815.528,19,40,2,T3_B3_82,15.5,6,6,6,1,15.2,0,,1,2
1032,23,,,1,,10,106,1,11,0.004,0.004,,0.004,,0.004,0.110333333,1032,,,,,,23,40,2,T3_B3_106,17.6,6,5,5,1,21.5,2,1,0.5,2
1036,,,,1,,8,81,1,11,0.03325,0.03325,,0.03325,,0.03325,0.004,1036,,,,,,,40,2,T3_B3_81,12.8,5,5,5,1,15.4,3,2,0.666666667,2
1037,17,,,2,,3,12,1,11,0.1485,0.1485,,0.1485,,0.165,0.03325,1037,5,19,23,4,7353.601,17,80,2,T2_B3_12,13.5,4,4,4,1,15.5,1,0,0,2
1038,44,,28-Aug,4,,8,68,1,11,0.004333333,0.004333333,,0.004333333,,0.004333333,0.1485,1038,,,,,,44,160,2,T3_B3_68,17,5,6,5,0.833333333,25,3,1,0.333333333,2
1039,,,,,,8,70,1,11,0.001333333,0.001333333,,0.001333333,,0.001333333,0.004333333,1039,,,,,,,0,2,T3_B3_70,,,8,5,0.625,,,,1,2
1040,20,,,1,,11,128,1,11,0.082333333,0.082333333,,0.082333333,,0.082333333,0.001333333,1040,,,,,,20,40,2,T3_B3_128,,,8,8,1,10.8,4,4,1,2
1042,,,,0,,8,73,1,11,0.0195,0.0195,,0.0195,,0.0195,0.082333333,1042,,,,,,,0,2,T2_B3_73,14.6,7,7,6,0.857142857,20.1,2,1,0.5,2
1043,20,,,1,,11,128,1,11,0.082333333,0.084,0.001666667,0.042,,0.083166667,0.0195,1043,,,,,,20,40,2,T2_B3_128,22.1,8,9,9,1,20.4,0,,1,2
1046,,,,0,,3,9,1,11,0.056666667,0.056666667,,0.056666667,,NA,0.084,1046,,,,,,,0,2,T2_B3_9,,,4,4,1,,,,1,2
1048,30,,29-Aug,3,,3,29,1,11,0.212333333,0.212333333,,0.212333333,,0.212333333,0.056666667,1048,,,,,,30,120,2,T2_B3_29,14,6,7,7,1,10.8,3,3,1,2
1051,,,,0,,8,57,1,11,0.0035,0.0035,,0.0035,,0.0035,0.212333333,1051,,,,,,,0,2,T2_B3_57,7.5,4,4,4,1,,,,1,2
1052,,,,0,,3,15,1,11,0.0348,0.0348,,0.0348,,0.0348,0.0035,1052,,,,,,,0,2,T2_B3_15,7,5,7,7,1,,,,1,2
1054,20,,3-Sep,2,,8,59,1,11,0.004666667,0.004666667,,0.004666667,,0.004666667,0.0348,1054,,,,,,20,80,2,T2_B3_23,14.4,5,7,6,0.857142857,10.9,1,0,0,2
1055,,,,0,,3,12,1,11,0.1485,0.1485,,0.1485,,0.1485,0.004666667,1055,,,,,,,0,2,T2_B3_12,10.1,6,5,5,1,8,0,,1,2
1057,,,,0,,8,63,1,11,0.071833333,0.071833333,,0.071833333,,0.071833333,0.1485,1057,,,,,,,0,2,T2_B3_63,10,5,,,,,,,1,2
1059,,,,0,,11,129,1,11,0.173666667,0.173666667,,0.173666667,,0.173666667,0.071833333,1059,,,,,,,0,2,T2_B3_129,8.3,4,5,5,1,6,0,,1,2
1060,46,,1-Sep,5,,9,91,1,11,0.036,0.036,,0.036,,0.036,0.173666667,1060,,,,,,46,200,2,T2_B3_91,17.3,6,7,4,0.571428571,20.8,5,4,0.8,2
1061,,,,0,,8,67,1,11,0.034625,0.034625,,0.034625,,0.034625,0.036,1061,8,33,28,15,11321.967,,0,2,T2_B3_67,,,,,,16.5,1,1,1,2
1063,16,,,0,,8,78,1,11,0.0155,0.0155,,0.0155,,0.0155,0.034625,1063,,,,,,16,0,2,T2_B3_78,14.6,4,4,4,1,,,,1,2
1064,25,,2-Sep,2,,8,70,1,11,0.001333333,0.001333333,,0.001333333,,0.001333333,0.0155,1064,3,82,139,3,55862.03,25,80,2,T2_B3_70,14,5,6,6,1,22,4,1,0.25,2
1068,,,,0,,11,121,1,11,0.07,0.07,,0.07,,0.07,0.001333333,1068,,,,,,,0,2,T2_B3_121,,,4,4,1,7,0,,1,2
1071,23,,2-Sep,3,,11,113,2,11,5.320833333,5.320833333,,5.320833333,,5.320833333,0.07,1071,,,,,,23,120,2,T2_B3_113,13.5,4,,,,19,3,1,0.333333333,2
1074,21,,,0,,3,24,2,11,0.022333333,0.022333333,,0.022333333,,0.022333333,5.320833333,1074,,,,,,21,0,2,T2_B3_24,14,6,6,6,1,17.5,3,3,1,2
1075,14,,,0,,8,72,2,11,0.086444444,0.086444444,,0.086444444,,0.086444444,0.022333333,1075,,,,,,14,0,2,T2_B3_72,9.1,4,3,3,1,11,2,2,1,2
1076,13,,,0,,8,68,2,11,0.004333333,0.004333333,,0.004333333,,0.004333333,0.086444444,1076,,,,,,13,0,2,T2_B3_68,9,6,6,6,1,14,0,,1,2
1077,21,,,0,,8,80,2,11,0.056666667,0.056666667,,0.056666667,,0.056666667,0.004333333,1077,,,,,,21,0,2,T2_B3_80,10,5,6,5,0.833333333,14,2,1,0.5,2
1078,28,,1-Sep,1,,8,82,2,11,0.110333333,0.110333333,,0.110333333,,0.110333333,0.056666667,1078,,,,,,28,40,2,T2_B3_82,12.2,7,7,7,1,12,0,,1,2
1079,,,,0,,3,30,2,11,0.049555556,0.049555556,,0.049555556,,0.049555556,0.110333333,1079,,,,,,,0,2,T2_B3_30,,,,,,,,,1,2
1080,,,,0,,9,96,2,11,0.1715,0.1715,,0.1715,,0.1715,0.049555556,1080,,,,,,,0,2,T2_B3_96,5.4,4,2,2,1,,,,1,2